,first_name,second_name,web_name,total_points,points_per_game,minutes,cost,team_name,position,team_name_Arsenal,team_name_Aston Villa,team_name_Bournemouth,team_name_Brentford,team_name_Brighton,team_name_Chelsea,team_name_Crystal Palace,team_name_Everton,team_name_Fulham,team_name_Leeds,team_name_Leicester,team_name_Liverpool,team_name_Man City,team_name_Man Utd,team_name_Newcastle,team_name_Nott'm Forest,team_name_Southampton,team_name_Spurs,team_name_West Ham,team_name_Wolves,position_DEF,position_FWD,position_GKP,position_MID
0,Cédric,Alves Soares,Cédric,48,2.3,1481,45,Arsenal,DEF,1,0,0,0,0,0,0,0,0,0,0,0,0,0,0,0,0,0,0,0,1,0,0,0
1,Bernd,Leno,Leno,10,2.5,360,45,Arsenal,GKP,1,0,0,0,0,0,0,0,0,0,0,0,0,0,0,0,0,0,0,0,0,0,1,0
2,Granit,Xhaka,Xhaka,60,2.2,2327,50,Arsenal,MID,1,0,0,0,0,0,0,0,0,0,0,0,0,0,0,0,0,0,0,0,0,0,0,1
3,Mohamed,Elneny,Elneny,27,1.9,801,45,Arsenal,MID,1,0,0,0,0,0,0,0,0,0,0,0,0,0,0,0,0,0,0,0,0,0,0,1
4,Rob,Holding,Holding,29,1.9,840,45,Arsenal,DEF,1,0,0,0,0,0,0,0,0,0,0,0,0,0,0,0,0,0,0,0,1,0,0,0
5,Thomas,Partey,Partey,71,3.0,2027,50,Arsenal,MID,1,0,0,0,0,0,0,0,0,0,0,0,0,0,0,0,0,0,0,0,0,0,0,1
6,Martin,Ødegaard,Ødegaard,131,3.6,2782,65,Arsenal,MID,1,0,0,0,0,0,0,0,0,0,0,0,0,0,0,0,0,0,0,0,0,0,0,1
7,Kieran,Tierney,Tierney,106,4.8,1916,50,Arsenal,DEF,1,0,0,0,0,0,0,0,0,0,0,0,0,0,0,0,0,0,0,0,1,0,0,0
8,Nicolas,Pépé,Pépé,45,2.2,681,55,Arsenal,MID,1,0,0,0,0,0,0,0,0,0,0,0,0,0,0,0,0,0,0,0,0,0,0,1
9,Benjamin,White,White,107,3.3,2880,45,Arsenal,DEF,1,0,0,0,0,0,0,0,0,0,0,0,0,0,0,0,0,0,0,0,1,0,0,0
10,Eddie,Nketiah,Nketiah,55,2.6,823,70,Arsenal,FWD,1,0,0,0,0,0,0,0,0,0,0,0,0,0,0,0,0,0,0,0,0,1,0,0
11,Emile,Smith Rowe,Smith Rowe,125,3.8,1909,60,Arsenal,MID,1,0,0,0,0,0,0,0,0,0,0,0,0,0,0,0,0,0,0,0,0,0,0,1
12,Bukayo,Saka,Saka,179,4.7,2978,80,Arsenal,MID,1,0,0,0,0,0,0,0,0,0,0,0,0,0,0,0,0,0,0,0,0,0,0,1
13,Takehiro,Tomiyasu,Tomiyasu,75,3.6,1680,45,Arsenal,DEF,1,0,0,0,0,0,0,0,0,0,0,0,0,0,0,0,0,0,0,0,1,0,0,0
14,Aaron,Ramsdale,Ramsdale,135,4.0,3060,50,Arsenal,GKP,1,0,0,0,0,0,0,0,0,0,0,0,0,0,0,0,0,0,0,0,0,0,1,0
15,Gabriel,dos Santos Magalhães,Gabriel,146,4.2,3063,50,Arsenal,DEF,1,0,0,0,0,0,0,0,0,0,0,0,0,0,0,0,0,0,0,0,1,0,0,0
16,Nuno,Varela Tavares,Tavares,49,2.2,1169,45,Arsenal,DEF,1,0,0,0,0,0,0,0,0,0,0,0,0,0,0,0,0,0,0,0,1,0,0,0
17,Albert,Sambi Lokonga,Sambi,32,1.7,1129,45,Arsenal,MID,1,0,0,0,0,0,0,0,0,0,0,0,0,0,0,0,0,0,0,0,0,0,0,1
18,Gabriel,Martinelli Silva,Martinelli,110,3.8,1855,60,Arsenal,MID,1,0,0,0,0,0,0,0,0,0,0,0,0,0,0,0,0,0,0,0,0,0,0,1
19,Pablo,Marí Villar,Pablo Marí,1,0.5,180,45,Arsenal,DEF,1,0,0,0,0,0,0,0,0,0,0,0,0,0,0,0,0,0,0,0,1,0,0,0
20,Ainsley,Maitland-Niles,Maitland-Niles,12,1.5,263,50,Arsenal,MID,1,0,0,0,0,0,0,0,0,0,0,0,0,0,0,0,0,0,0,0,0,0,0,1
21,Lucas,Torreira di Pascua,Torreira,0,0.0,0,45,Arsenal,MID,1,0,0,0,0,0,0,0,0,0,0,0,0,0,0,0,0,0,0,0,0,0,0,1
22,Reiss,Nelson,Nelson,1,1.0,19,50,Arsenal,MID,1,0,0,0,0,0,0,0,0,0,0,0,0,0,0,0,0,0,0,0,0,0,0,1
23,Matt,Turner,Turner,0,0.0,0,40,Arsenal,GKP,1,0,0,0,0,0,0,0,0,0,0,0,0,0,0,0,0,0,0,0,0,0,1,0
24,Fábio,Ferreira Vieira,Fábio Vieira,0,0.0,0,60,Arsenal,MID,1,0,0,0,0,0,0,0,0,0,0,0,0,0,0,0,0,0,0,0,0,0,0,1
25,William,Saliba,Saliba,0,0.0,0,45,Arsenal,DEF,1,0,0,0,0,0,0,0,0,0,0,0,0,0,0,0,0,0,0,0,1,0,0,0
26,Marcus,Oliveira Alencar,Marquinhos,0,0.0,0,50,Arsenal,MID,1,0,0,0,0,0,0,0,0,0,0,0,0,0,0,0,0,0,0,0,0,0,0,1
27,Gabriel,Fernando de Jesus,Jesus,120,4.3,1871,80,Arsenal,FWD,1,0,0,0,0,0,0,0,0,0,0,0,0,0,0,0,0,0,0,0,0,1,0,0
28,Philippe,Coutinho Correia,Coutinho,83,4.4,1327,70,Aston Villa,MID,0,1,0,0,0,0,0,0,0,0,0,0,0,0,0,0,0,0,0,0,0,0,0,1
29,Danny,Ings,Ings,106,3.5,1891,70,Aston Villa,FWD,0,1,0,0,0,0,0,0,0,0,0,0,0,0,0,0,0,0,0,0,0,1,0,0
30,Emiliano,Martínez Romero,Martínez,129,3.6,3240,50,Aston Villa,GKP,0,1,0,0,0,0,0,0,0,0,0,0,0,0,0,0,0,0,0,0,0,0,1,0
31,Calum,Chambers,Chambers,42,3.2,999,45,Aston Villa,DEF,0,1,0,0,0,0,0,0,0,0,0,0,0,0,0,0,0,0,0,0,1,0,0,0
32,Lucas,Digne,Digne,83,2.9,2440,50,Aston Villa,DEF,0,1,0,0,0,0,0,0,0,0,0,0,0,0,0,0,0,0,0,0,1,0,0,0
33,Bertrand,Traoré,Traoré,13,1.4,212,50,Aston Villa,MID,0,1,0,0,0,0,0,0,0,0,0,0,0,0,0,0,0,0,0,0,0,0,0,1
34,Robin,Olsen,Olsen,1,1.0,90,40,Aston Villa,GKP,0,1,0,0,0,0,0,0,0,0,0,0,0,0,0,0,0,0,0,0,0,0,1,0
35,Morgan,Sanson,Sanson,13,1.3,349,45,Aston Villa,MID,0,1,0,0,0,0,0,0,0,0,0,0,0,0,0,0,0,0,0,0,0,0,0,1
36,John,McGinn,McGinn,110,3.1,3090,55,Aston Villa,MID,0,1,0,0,0,0,0,0,0,0,0,0,0,0,0,0,0,0,0,0,0,0,0,1
37,Kortney,Hause,Hause,20,2.9,397,45,Aston Villa,DEF,0,1,0,0,0,0,0,0,0,0,0,0,0,0,0,0,0,0,0,0,1,0,0,0
38,Tyrone,Mings,Mings,118,3.3,3188,45,Aston Villa,DEF,0,1,0,0,0,0,0,0,0,0,0,0,0,0,0,0,0,0,0,0,1,0,0,0
39,Ollie,Watkins,Watkins,131,3.7,2950,75,Aston Villa,FWD,0,1,0,0,0,0,0,0,0,0,0,0,0,0,0,0,0,0,0,0,0,1,0,0
40,Marvelous,Nakamba,Nakamba,22,1.4,899,45,Aston Villa,MID,0,1,0,0,0,0,0,0,0,0,0,0,0,0,0,0,0,0,0,0,0,0,0,1
41,Emiliano,Buendía Stati,Buendía,107,3.1,1887,60,Aston Villa,MID,0,1,0,0,0,0,0,0,0,0,0,0,0,0,0,0,0,0,0,0,0,0,0,1
42,Matty,Cash,Cash,147,3.9,3377,50,Aston Villa,DEF,0,1,0,0,0,0,0,0,0,0,0,0,0,0,0,0,0,0,0,0,1,0,0,0
43,Ezri,Konsa Ngoyo,Konsa,78,2.7,2477,45,Aston Villa,DEF,0,1,0,0,0,0,0,0,0,0,0,0,0,0,0,0,0,0,0,0,1,0,0,0
44,Leon,Bailey,Bailey,37,2.1,750,50,Aston Villa,MID,0,1,0,0,0,0,0,0,0,0,0,0,0,0,0,0,0,0,0,0,0,0,0,1
45,Douglas Luiz,Soares de Paulo,Douglas Luiz,89,2.6,2715,50,Aston Villa,MID,0,1,0,0,0,0,0,0,0,0,0,0,0,0,0,0,0,0,0,0,0,0,0,1
46,Jacob,Ramsey,Ramsey,109,3.2,2465,55,Aston Villa,MID,0,1,0,0,0,0,0,0,0,0,0,0,0,0,0,0,0,0,0,0,0,0,0,1
47,Carney,Chukwuemeka,Chukwuemeka,16,1.3,291,45,Aston Villa,MID,0,1,0,0,0,0,0,0,0,0,0,0,0,0,0,0,0,0,0,0,0,0,0,1
48,Tim,Iroegbunam,Iroegbunam,4,1.3,90,45,Aston Villa,MID,0,1,0,0,0,0,0,0,0,0,0,0,0,0,0,0,0,0,0,0,0,0,0,1
49,Diego Carlos,Santos Silva,Diego Carlos,0,0.0,0,50,Aston Villa,DEF,0,1,0,0,0,0,0,0,0,0,0,0,0,0,0,0,0,0,0,0,1,0,0,0
50,Anwar,El Ghazi,El Ghazi,22,2.0,392,50,Aston Villa,MID,0,1,0,0,0,0,0,0,0,0,0,0,0,0,0,0,0,0,0,0,0,0,0,1
51,Keinan,Davis,Davis,1,1.0,11,55,Aston Villa,FWD,0,1,0,0,0,0,0,0,0,0,0,0,0,0,0,0,0,0,0,0,0,1,0,0
52,Boubacar,Kamara,Kamara,0,0.0,0,50,Aston Villa,MID,0,1,0,0,0,0,0,0,0,0,0,0,0,0,0,0,0,0,0,0,0,0,0,1
53,Cameron,Archer,Archer,3,1.0,24,45,Aston Villa,FWD,0,1,0,0,0,0,0,0,0,0,0,0,0,0,0,0,0,0,0,0,0,1,0,0
54,Jaden,Philogene-Bidace,Philogene-Bidace,1,1.0,4,45,Aston Villa,MID,0,1,0,0,0,0,0,0,0,0,0,0,0,0,0,0,0,0,0,0,0,0,0,1
55,Frédéric,Guilbert,Guilbert,0,0.0,0,40,Aston Villa,DEF,0,1,0,0,0,0,0,0,0,0,0,0,0,0,0,0,0,0,0,0,1,0,0,0
56,Ludwig,Augustinsson,Augustinsson,0,0.0,0,45,Aston Villa,DEF,0,1,0,0,0,0,0,0,0,0,0,0,0,0,0,0,0,0,0,0,1,0,0,0
57,Adam,Smith,Smith,0,0.0,0,45,Bournemouth,DEF,0,0,1,0,0,0,0,0,0,0,0,0,0,0,0,0,0,0,0,0,1,0,0,0
58,Junior,Stanislas,Stanislas,0,0.0,0,50,Bournemouth,MID,0,0,1,0,0,0,0,0,0,0,0,0,0,0,0,0,0,0,0,0,0,0,0,1
59,Ryan,Fredericks,Fredericks,7,1.0,303,45,Bournemouth,DEF,0,0,1,0,0,0,0,0,0,0,0,0,0,0,0,0,0,0,0,0,1,0,0,0
60,David,Brooks,Brooks,0,0.0,0,55,Bournemouth,MID,0,0,1,0,0,0,0,0,0,0,0,0,0,0,0,0,0,0,0,0,0,0,0,1
61,Jamal,Lowe,Lowe,0,0.0,0,55,Bournemouth,MID,0,0,1,0,0,0,0,0,0,0,0,0,0,0,0,0,0,0,0,0,0,0,0,1
62,Kieffer,Moore,Moore,0,0.0,0,55,Bournemouth,FWD,0,0,1,0,0,0,0,0,0,0,0,0,0,0,0,0,0,0,0,0,0,1,0,0
63,Emiliano,Marcondes,Marcondes,0,0.0,0,50,Bournemouth,MID,0,0,1,0,0,0,0,0,0,0,0,0,0,0,0,0,0,0,0,0,0,0,0,1
64,Jefferson,Lerma Solís,Lerma,0,0.0,0,50,Bournemouth,MID,0,0,1,0,0,0,0,0,0,0,0,0,0,0,0,0,0,0,0,0,0,0,0,1
65,Jack,Stacey,Stacey,0,0.0,0,45,Bournemouth,DEF,0,0,1,0,0,0,0,0,0,0,0,0,0,0,0,0,0,0,0,0,1,0,0,0
66,Dominic,Solanke,Solanke,0,0.0,0,60,Bournemouth,FWD,0,0,1,0,0,0,0,0,0,0,0,0,0,0,0,0,0,0,0,0,0,1,0,0
67,Lewis,Cook,Cook,0,0.0,0,50,Bournemouth,MID,0,0,1,0,0,0,0,0,0,0,0,0,0,0,0,0,0,0,0,0,0,0,0,1
68,Ben,Pearson,Pearson,0,0.0,0,45,Bournemouth,MID,0,0,1,0,0,0,0,0,0,0,0,0,0,0,0,0,0,0,0,0,0,0,0,1
69,Ryan,Christie,Christie,0,0.0,0,55,Bournemouth,MID,0,0,1,0,0,0,0,0,0,0,0,0,0,0,0,0,0,0,0,0,0,0,0,1
70,Philip,Billing,Billing,0,0.0,0,55,Bournemouth,MID,0,0,1,0,0,0,0,0,0,0,0,0,0,0,0,0,0,0,0,0,0,0,0,1
71,Chris,Mepham,Mepham,0,0.0,0,45,Bournemouth,DEF,0,0,1,0,0,0,0,0,0,0,0,0,0,0,0,0,0,0,0,0,1,0,0,0
72,Mark,Travers,Travers,0,0.0,0,45,Bournemouth,GKP,0,0,1,0,0,0,0,0,0,0,0,0,0,0,0,0,0,0,0,0,0,0,1,0
73,Lloyd,Kelly,Kelly,0,0.0,0,45,Bournemouth,DEF,0,0,1,0,0,0,0,0,0,0,0,0,0,0,0,0,0,0,0,0,1,0,0,0
74,Siriki,Dembélé,Dembélé,0,0.0,0,50,Bournemouth,MID,0,0,1,0,0,0,0,0,0,0,0,0,0,0,0,0,0,0,0,0,0,0,0,1
75,Jaidon,Anthony,Anthony,0,0.0,0,55,Bournemouth,MID,0,0,1,0,0,0,0,0,0,0,0,0,0,0,0,0,0,0,0,0,0,0,0,1
76,Jordan,Zemura,Zemura,0,0.0,0,45,Bournemouth,DEF,0,0,1,0,0,0,0,0,0,0,0,0,0,0,0,0,0,0,0,0,1,0,0,0
77,Will,Dennis,Dennis,0,0.0,0,40,Bournemouth,GKP,0,0,1,0,0,0,0,0,0,0,0,0,0,0,0,0,0,0,0,0,0,0,1,0
78,Joe,Rothwell,Rothwell,0,0.0,0,50,Bournemouth,MID,0,0,1,0,0,0,0,0,0,0,0,0,0,0,0,0,0,0,0,0,0,0,0,1
79,Pontus,Jansson,Jansson,122,3.3,3321,45,Brentford,DEF,0,0,0,1,0,0,0,0,0,0,0,0,0,0,0,0,0,0,0,0,1,0,0,0
80,Christian,Nørgaard,Nørgaard,101,2.9,3054,55,Brentford,MID,0,0,0,1,0,0,0,0,0,0,0,0,0,0,0,0,0,0,0,0,0,0,0,1
81,Ivan,Toney,Toney,139,4.2,2908,70,Brentford,FWD,0,0,0,1,0,0,0,0,0,0,0,0,0,0,0,0,0,0,0,0,0,1,0,0
82,David,Raya Martin,Raya,95,4.0,2160,45,Brentford,GKP,0,0,0,1,0,0,0,0,0,0,0,0,0,0,0,0,0,0,0,0,0,0,1,0
83,Sergi,Canós Tenés,Canós,81,2.6,2077,50,Brentford,DEF,0,0,0,1,0,0,0,0,0,0,0,0,0,0,0,0,0,0,0,0,1,0,0,0
84,Josh,Dasilva,Dasilva,7,0.8,250,45,Brentford,MID,0,0,0,1,0,0,0,0,0,0,0,0,0,0,0,0,0,0,0,0,0,0,0,1
85,Kristoffer,Ajer,Ajer,81,3.4,1995,45,Brentford,DEF,0,0,0,1,0,0,0,0,0,0,0,0,0,0,0,0,0,0,0,0,1,0,0,0
86,Rico,Henry,Henry,108,3.2,2775,45,Brentford,DEF,0,0,0,1,0,0,0,0,0,0,0,0,0,0,0,0,0,0,0,0,1,0,0,0
87,Vitaly,Janelt,Janelt,90,2.9,2295,55,Brentford,MID,0,0,0,1,0,0,0,0,0,0,0,0,0,0,0,0,0,0,0,0,0,0,0,1
88,Saman,Ghoddos,Ghoddos,30,1.8,524,50,Brentford,MID,0,0,0,1,0,0,0,0,0,0,0,0,0,0,0,0,0,0,0,0,0,0,0,1
89,Mathias,Jensen,Jensen,54,1.7,1590,50,Brentford,MID,0,0,0,1,0,0,0,0,0,0,0,0,0,0,0,0,0,0,0,0,0,0,0,1
90,Yoane,Wissa,Wissa,92,3.1,1268,55,Brentford,MID,0,0,0,1,0,0,0,0,0,0,0,0,0,0,0,0,0,0,0,0,0,0,0,1
91,Mads,Roerslev Rasmussen,Roerslev,41,2.0,1232,45,Brentford,DEF,0,0,0,1,0,0,0,0,0,0,0,0,0,0,0,0,0,0,0,0,1,0,0,0
92,Mads,Bech Sørensen,Bech,22,2.0,833,45,Brentford,DEF,0,0,0,1,0,0,0,0,0,0,0,0,0,0,0,0,0,0,0,0,1,0,0,0
93,Ethan,Pinnock,Pinnock,90,2.8,2694,45,Brentford,DEF,0,0,0,1,0,0,0,0,0,0,0,0,0,0,0,0,0,0,0,0,1,0,0,0
94,Frank,Onyeka,Onyeka,35,1.8,1040,50,Brentford,MID,0,0,0,1,0,0,0,0,0,0,0,0,0,0,0,0,0,0,0,0,0,0,0,1
95,Shandon,Baptiste,Baptiste,35,1.6,898,45,Brentford,MID,0,0,0,1,0,0,0,0,0,0,0,0,0,0,0,0,0,0,0,0,0,0,0,1
96,Bryan,Mbeumo,Mbeumo,119,3.4,2905,60,Brentford,FWD,0,0,0,1,0,0,0,0,0,0,0,0,0,0,0,0,0,0,0,0,0,1,0,0
97,Charlie,Goode,Goode,10,1.7,448,40,Brentford,DEF,0,0,0,1,0,0,0,0,0,0,0,0,0,0,0,0,0,0,0,0,1,0,0,0
98,Marcus,Forss,Forss,11,1.6,203,45,Brentford,FWD,0,0,0,1,0,0,0,0,0,0,0,0,0,0,0,0,0,0,0,0,0,1,0,0
99,Dominic,Thompson,Thompson,3,1.5,146,40,Brentford,DEF,0,0,0,1,0,0,0,0,0,0,0,0,0,0,0,0,0,0,0,0,1,0,0,0
100,Mads,Bidstrup,Bidstrup,4,1.0,36,45,Brentford,MID,0,0,0,1,0,0,0,0,0,0,0,0,0,0,0,0,0,0,0,0,0,0,0,1
101,Ellery,Balcombe,Balcombe,0,0.0,0,40,Brentford,GKP,0,0,0,1,0,0,0,0,0,0,0,0,0,0,0,0,0,0,0,0,0,0,1,0
102,Aaron,Hickey,Hickey,0,0.0,0,50,Brentford,DEF,0,0,0,1,0,0,0,0,0,0,0,0,0,0,0,0,0,0,0,0,1,0,0,0
103,Keane,Lewis-Potter,Lewis-Potter,0,0.0,0,55,Brentford,MID,0,0,0,1,0,0,0,0,0,0,0,0,0,0,0,0,0,0,0,0,0,0,0,1
104,Thomas,Strakosha,Strakosha,0,0.0,0,45,Brentford,GKP,0,0,0,1,0,0,0,0,0,0,0,0,0,0,0,0,0,0,0,0,0,0,1,0
105,Adam,Lallana,Lallana,44,1.8,1559,50,Brighton,MID,0,0,0,0,1,0,0,0,0,0,0,0,0,0,0,0,0,0,0,0,0,0,0,1
106,Jason,Steele,Steele,2,2.0,90,40,Brighton,GKP,0,0,0,0,1,0,0,0,0,0,0,0,0,0,0,0,0,0,0,0,0,0,1,0
107,Danny,Welbeck,Welbeck,89,3.6,1469,65,Brighton,FWD,0,0,0,0,1,0,0,0,0,0,0,0,0,0,0,0,0,0,0,0,0,1,0,0
108,Pascal,Groß,Gross,88,3.0,2033,55,Brighton,MID,0,0,0,0,1,0,0,0,0,0,0,0,0,0,0,0,0,0,0,0,0,0,0,1
109,Shane,Duffy,Duffy,48,2.7,1434,45,Brighton,DEF,0,0,0,0,1,0,0,0,0,0,0,0,0,0,0,0,0,0,0,0,1,0,0,0
110,Lewis,Dunk,Dunk,92,3.2,2573,45,Brighton,DEF,0,0,0,0,1,0,0,0,0,0,0,0,0,0,0,0,0,0,0,0,1,0,0,0
111,Solly,March,March,61,2.0,1733,50,Brighton,MID,0,0,0,0,1,0,0,0,0,0,0,0,0,0,0,0,0,0,0,0,0,0,0,1
112,Adam,Webster,Webster,59,2.7,1429,45,Brighton,DEF,0,0,0,0,1,0,0,0,0,0,0,0,0,0,0,0,0,0,0,0,1,0,0,0
113,Joël,Veltman,Veltman,95,2.8,2874,45,Brighton,DEF,0,0,0,0,1,0,0,0,0,0,0,0,0,0,0,0,0,0,0,0,1,0,0,0
114,Neal,Maupay,Maupay,98,3.1,2269,65,Brighton,FWD,0,0,0,0,1,0,0,0,0,0,0,0,0,0,0,0,0,0,0,0,0,1,0,0
115,Leandro,Trossard,Trossard,141,4.1,2803,65,Brighton,MID,0,0,0,0,1,0,0,0,0,0,0,0,0,0,0,0,0,0,0,0,0,0,0,1
116,Marc,Cucurella Saseta,Cucurella,126,3.6,3089,50,Brighton,DEF,0,0,0,0,1,0,0,0,0,0,0,0,0,0,0,0,0,0,0,0,1,0,0,0
117,Robert,Sánchez,Sánchez,126,3.4,3330,45,Brighton,GKP,0,0,0,0,1,0,0,0,0,0,0,0,0,0,0,0,0,0,0,0,0,0,1,0
118,Tariq,Lamptey,Lamptey,74,2.5,1547,45,Brighton,DEF,0,0,0,0,1,0,0,0,0,0,0,0,0,0,0,0,0,0,0,0,1,0,0,0
119,Steven,Alzate,Alzate,13,1.4,401,45,Brighton,MID,0,0,0,0,1,0,0,0,0,0,0,0,0,0,0,0,0,0,0,0,0,0,0,1
120,Alexis,Mac Allister,Mac Allister,93,2.8,2112,55,Brighton,MID,0,0,0,0,1,0,0,0,0,0,0,0,0,0,0,0,0,0,0,0,0,0,0,1
121,Jakub,Moder,Moder,58,2.1,1694,45,Brighton,MID,0,0,0,0,1,0,0,0,0,0,0,0,0,0,0,0,0,0,0,0,0,0,0,1
122,Enock,Mwepu,Mwepu,58,3.2,990,55,Brighton,MID,0,0,0,0,1,0,0,0,0,0,0,0,0,0,0,0,0,0,0,0,0,0,0,1
123,Jeremy,Sarmiento Morante,Sarmiento,5,1.0,44,45,Brighton,MID,0,0,0,0,1,0,0,0,0,0,0,0,0,0,0,0,0,0,0,0,0,0,0,1
124,Moisés,Caicedo Corozo,Caicedo,27,3.4,660,50,Brighton,MID,0,0,0,0,1,0,0,0,0,0,0,0,0,0,0,0,0,0,0,0,0,0,0,1
125,Taylor,Richards,Richards,2,1.0,23,45,Brighton,MID,0,0,0,0,1,0,0,0,0,0,0,0,0,0,0,0,0,0,0,0,0,0,0,1
126,Haydon,Roberts,Roberts,0,0.0,0,40,Brighton,DEF,0,0,0,0,1,0,0,0,0,0,0,0,0,0,0,0,0,0,0,0,1,0,0,0
127,Deniz,Undav,Undav,0,0.0,0,55,Brighton,FWD,0,0,0,0,1,0,0,0,0,0,0,0,0,0,0,0,0,0,0,0,0,1,0,0
128,Kaoru,Mitoma,Mitoma,0,0.0,0,50,Brighton,MID,0,0,0,0,1,0,0,0,0,0,0,0,0,0,0,0,0,0,0,0,0,0,0,1
129,Julio,Enciso,Enciso,0,0.0,0,50,Brighton,FWD,0,0,0,0,1,0,0,0,0,0,0,0,0,0,0,0,0,0,0,0,0,1,0,0
130,Kacper,Kozłowski,Kozłowski,0,0.0,0,45,Brighton,MID,0,0,0,0,1,0,0,0,0,0,0,0,0,0,0,0,0,0,0,0,0,0,0,1
131,César,Azpilicueta,Azpilicueta,87,3.2,2067,50,Chelsea,DEF,0,0,0,0,0,1,0,0,0,0,0,0,0,0,0,0,0,0,0,0,1,0,0,0
132,Thiago,Emiliano da Silva,Thiago Silva,130,4.1,2649,55,Chelsea,DEF,0,0,0,0,0,1,0,0,0,0,0,0,0,0,0,0,0,0,0,0,1,0,0,0
133,Marcos,Alonso,Alonso,128,4.6,2164,55,Chelsea,DEF,0,0,0,0,0,1,0,0,0,0,0,0,0,0,0,0,0,0,0,0,1,0,0,0
134,Jorge Luiz,Frello Filho,Jorginho,106,3.7,2271,60,Chelsea,MID,0,0,0,0,0,1,0,0,0,0,0,0,0,0,0,0,0,0,0,0,0,0,0,1
135,Ross,Barkley,Barkley,14,2.3,174,50,Chelsea,MID,0,0,0,0,0,1,0,0,0,0,0,0,0,0,0,0,0,0,0,0,0,0,0,1
136,Mateo,Kovacic,Kovacic,76,3.0,1552,50,Chelsea,MID,0,0,0,0,0,1,0,0,0,0,0,0,0,0,0,0,0,0,0,0,0,0,0,1
137,Kepa,Arrizabalaga,Arrizabalaga,19,4.8,360,45,Chelsea,GKP,0,0,0,0,0,1,0,0,0,0,0,0,0,0,0,0,0,0,0,0,0,0,1,0
138,N'Golo,Kanté,Kanté,79,3.0,1769,50,Chelsea,MID,0,0,0,0,0,1,0,0,0,0,0,0,0,0,0,0,0,0,0,0,0,0,0,1
139,Hakim,Ziyech,Ziyech,79,3.4,1311,60,Chelsea,MID,0,0,0,0,0,1,0,0,0,0,0,0,0,0,0,0,0,0,0,0,0,0,0,1
140,Ruben,Loftus-Cheek,Loftus-Cheek,52,2.2,1384,50,Chelsea,MID,0,0,0,0,0,1,0,0,0,0,0,0,0,0,0,0,0,0,0,0,0,0,0,1
141,Timo,Werner,Werner,62,3.0,1278,80,Chelsea,FWD,0,0,0,0,0,1,0,0,0,0,0,0,0,0,0,0,0,0,0,0,0,1,0,0
142,Robert Kenedy,Nunes do Nascimento,Kenedy,4,4.0,58,40,Chelsea,DEF,0,0,0,0,0,1,0,0,0,0,0,0,0,0,0,0,0,0,0,0,1,0,0,0
143,Ben,Chilwell,Chilwell,55,7.9,541,60,Chelsea,DEF,0,0,0,0,0,1,0,0,0,0,0,0,0,0,0,0,0,0,0,0,1,0,0,0
144,Christian,Pulisic,Pulisic,77,3.5,1282,60,Chelsea,MID,0,0,0,0,0,1,0,0,0,0,0,0,0,0,0,0,0,0,0,0,0,0,0,1
145,Trevoh,Chalobah,Chalobah,99,5.0,1447,50,Chelsea,DEF,0,0,0,0,0,1,0,0,0,0,0,0,0,0,0,0,0,0,0,0,1,0,0,0
146,Mason,Mount,Mount,169,5.3,2358,80,Chelsea,MID,0,0,0,0,0,1,0,0,0,0,0,0,0,0,0,0,0,0,0,0,0,0,0,1
147,Malang,Sarr,Sarr,30,3.8,544,50,Chelsea,DEF,0,0,0,0,0,1,0,0,0,0,0,0,0,0,0,0,0,0,0,0,1,0,0,0
148,Callum,Hudson-Odoi,Hudson-Odoi,49,3.3,958,55,Chelsea,MID,0,0,0,0,0,1,0,0,0,0,0,0,0,0,0,0,0,0,0,0,0,0,0,1
149,Kai,Havertz,Havertz,112,3.9,1802,80,Chelsea,FWD,0,0,0,0,0,1,0,0,0,0,0,0,0,0,0,0,0,0,0,0,0,1,0,0
150,Reece,James,James,141,5.4,1863,60,Chelsea,DEF,0,0,0,0,0,1,0,0,0,0,0,0,0,0,0,0,0,0,0,0,1,0,0,0
151,Edouard,Mendy,Mendy,130,3.8,3060,50,Chelsea,GKP,0,0,0,0,0,1,0,0,0,0,0,0,0,0,0,0,0,0,0,0,0,0,1,0
152,Conor,Gallagher,Gallagher,140,4.1,2843,60,Chelsea,MID,0,0,0,0,0,1,0,0,0,0,0,0,0,0,0,0,0,0,0,0,0,0,0,1
153,Billy,Gilmour,Gilmour,49,2.0,1852,45,Chelsea,MID,0,0,0,0,0,1,0,0,0,0,0,0,0,0,0,0,0,0,0,0,0,0,0,1
154,Armando,Broja,Broja,92,2.9,1969,55,Chelsea,FWD,0,0,0,0,0,1,0,0,0,0,0,0,0,0,0,0,0,0,0,0,0,1,0,0
155,Ethan,Ampadu,Ampadu,0,0.0,0,45,Chelsea,DEF,0,0,0,0,0,1,0,0,0,0,0,0,0,0,0,0,0,0,0,0,1,0,0,0
156,Raheem,Sterling,Sterling,163,5.4,2121,100,Chelsea,MID,0,0,0,0,0,1,0,0,0,0,0,0,0,0,0,0,0,0,0,0,0,0,0,1
157,Kalidou,Koulibaly,Koulibaly,0,0.0,0,55,Chelsea,DEF,0,0,0,0,0,1,0,0,0,0,0,0,0,0,0,0,0,0,0,0,1,0,0,0
158,Vicente,Guaita,Guaita,119,4.0,2655,45,Crystal Palace,GKP,0,0,0,0,0,0,1,0,0,0,0,0,0,0,0,0,0,0,0,0,0,0,1,0
159,James,Tomkins,Tomkins,17,2.1,545,40,Crystal Palace,DEF,0,0,0,0,0,0,1,0,0,0,0,0,0,0,0,0,0,0,0,0,1,0,0,0
160,James,McArthur,McArthur,54,2.6,1434,50,Crystal Palace,MID,0,0,0,0,0,0,1,0,0,0,0,0,0,0,0,0,0,0,0,0,0,0,0,1
161,Christian,Benteke,Benteke,58,2.3,1132,55,Crystal Palace,FWD,0,0,0,0,0,0,1,0,0,0,0,0,0,0,0,0,0,0,0,0,0,1,0,0
162,Joel,Ward,Ward,73,2.6,2486,45,Crystal Palace,DEF,0,0,0,0,0,0,1,0,0,0,0,0,0,0,0,0,0,0,0,0,1,0,0,0
163,Nathaniel,Clyne,Clyne,59,3.7,1351,45,Crystal Palace,DEF,0,0,0,0,0,0,1,0,0,0,0,0,0,0,0,0,0,0,0,0,1,0,0,0
164,Luka,Milivojevic,Milivojevic,19,1.3,767,45,Crystal Palace,MID,0,0,0,0,0,0,1,0,0,0,0,0,0,0,0,0,0,0,0,0,0,0,0,1
165,Jordan,Ayew,Ayew,77,2.5,2012,55,Crystal Palace,MID,0,0,0,0,0,0,1,0,0,0,0,0,0,0,0,0,0,0,0,0,0,0,0,1
166,Wilfried,Zaha,Zaha,150,4.5,2759,70,Crystal Palace,MID,0,0,0,0,0,0,1,0,0,0,0,0,0,0,0,0,0,0,0,0,0,0,0,1
167,Jeffrey,Schlupp,Schlupp,86,2.7,1840,50,Crystal Palace,MID,0,0,0,0,0,0,1,0,0,0,0,0,0,0,0,0,0,0,0,0,0,0,0,1
168,Jack,Butland,Butland,30,3.3,765,45,Crystal Palace,GKP,0,0,0,0,0,0,1,0,0,0,0,0,0,0,0,0,0,0,0,0,0,0,1,0
169,Will,Hughes,Hughes,34,2.1,1050,50,Crystal Palace,MID,0,0,0,0,0,0,1,0,0,0,0,0,0,0,0,0,0,0,0,0,0,0,0,1
170,Jairo,Riedewald,Riedewald,4,1.3,116,45,Crystal Palace,MID,0,0,0,0,0,0,1,0,0,0,0,0,0,0,0,0,0,0,0,0,0,0,0,1
171,Joachim,Andersen,Andersen,124,3.6,2914,45,Crystal Palace,DEF,0,0,0,0,0,0,1,0,0,0,0,0,0,0,0,0,0,0,0,0,1,0,0,0
172,Odsonne,Edouard,Edouard,87,3.1,1554,55,Crystal Palace,FWD,0,0,0,0,0,0,1,0,0,0,0,0,0,0,0,0,0,0,0,0,0,1,0,0
173,Marc,Guéhi,Guéhi,123,3.4,3222,45,Crystal Palace,DEF,0,0,0,0,0,0,1,0,0,0,0,0,0,0,0,0,0,0,0,0,1,0,0,0
174,Jean-Philippe,Mateta,Mateta,61,2.8,1138,55,Crystal Palace,FWD,0,0,0,0,0,0,1,0,0,0,0,0,0,0,0,0,0,0,0,0,0,1,0,0
175,Eberechi,Eze,Eze,31,2.4,599,55,Crystal Palace,MID,0,0,0,0,0,0,1,0,0,0,0,0,0,0,0,0,0,0,0,0,0,0,0,1
176,Tyrick,Mitchell,Mitchell,109,3.0,3101,45,Crystal Palace,DEF,0,0,0,0,0,0,1,0,0,0,0,0,0,0,0,0,0,0,0,0,1,0,0,0
177,Michael,Olise,Olise,73,2.8,1127,55,Crystal Palace,MID,0,0,0,0,0,0,1,0,0,0,0,0,0,0,0,0,0,0,0,0,0,0,0,1
178,Jesurun,Rak-Sakyi,Rak-Sakyi,4,2.0,79,45,Crystal Palace,MID,0,0,0,0,0,0,1,0,0,0,0,0,0,0,0,0,0,0,0,0,0,0,0,1
179,Malcolm,Ebiowei,Ebiowei,0,0.0,0,45,Crystal Palace,MID,0,0,0,0,0,0,1,0,0,0,0,0,0,0,0,0,0,0,0,0,0,0,0,1
180,Nathan,Ferguson,Ferguson,1,1.0,8,40,Crystal Palace,DEF,0,0,0,0,0,0,1,0,0,0,0,0,0,0,0,0,0,0,0,0,1,0,0,0
181,Sam,Johnstone,Johnstone,0,0.0,0,45,Crystal Palace,GKP,0,0,0,0,0,0,1,0,0,0,0,0,0,0,0,0,0,0,0,0,0,0,1,0
182,Remi,Matthews,Matthews,0,0.0,0,40,Crystal Palace,GKP,0,0,0,0,0,0,1,0,0,0,0,0,0,0,0,0,0,0,0,0,0,0,1,0
183,Luke,Plange,Plange,0,0.0,0,45,Crystal Palace,FWD,0,0,0,0,0,0,1,0,0,0,0,0,0,0,0,0,0,0,0,0,0,1,0,0
184,Cheick,Doucouré,C.Doucouré,0,0.0,0,50,Crystal Palace,MID,0,0,0,0,0,0,1,0,0,0,0,0,0,0,0,0,0,0,0,0,0,0,0,1
185,Asmir,Begović,Begović,13,4.3,270,40,Everton,GKP,0,0,0,0,0,0,0,1,0,0,0,0,0,0,0,0,0,0,0,0,0,0,1,0
186,Salomón,Rondón,Rondón,30,1.5,779,50,Everton,FWD,0,0,0,0,0,0,0,1,0,0,0,0,0,0,0,0,0,0,0,0,0,1,0,0
187,Seamus,Coleman,Coleman,79,2.6,2656,45,Everton,DEF,0,0,0,0,0,0,0,1,0,0,0,0,0,0,0,0,0,0,0,0,1,0,0,0
188,Andros,Townsend,Townsend,66,3.1,1452,55,Everton,MID,0,0,0,0,0,0,0,1,0,0,0,0,0,0,0,0,0,0,0,0,0,0,0,1
189,Michael,Keane,Keane,102,3.2,2791,45,Everton,DEF,0,0,0,0,0,0,0,1,0,0,0,0,0,0,0,0,0,0,0,0,1,0,0,0
190,Dele,Alli,Dele,35,1.7,985,55,Everton,MID,0,0,0,0,0,0,0,1,0,0,0,0,0,0,0,0,0,0,0,0,0,0,0,1
191,Jordan,Pickford,Pickford,116,3.3,3150,45,Everton,GKP,0,0,0,0,0,0,0,1,0,0,0,0,0,0,0,0,0,0,0,0,0,0,1,0
192,Allan,Marques Loureiro,Allan,58,2.1,2181,50,Everton,MID,0,0,0,0,0,0,0,1,0,0,0,0,0,0,0,0,0,0,0,0,0,0,0,1
193,André,Tavares Gomes,André Gomes,18,1.3,614,45,Everton,MID,0,0,0,0,0,0,0,1,0,0,0,0,0,0,0,0,0,0,0,0,0,0,0,1
194,Abdoulaye,Doucouré,A.Doucouré,90,3.0,2536,55,Everton,MID,0,0,0,0,0,0,0,1,0,0,0,0,0,0,0,0,0,0,0,0,0,0,0,1
195,Alex,Iwobi,Iwobi,78,2.8,2029,55,Everton,MID,0,0,0,0,0,0,0,1,0,0,0,0,0,0,0,0,0,0,0,0,0,0,0,1
196,Jean-Philippe,Gbamin,Gbamin,3,1.0,65,45,Everton,MID,0,0,0,0,0,0,0,1,0,0,0,0,0,0,0,0,0,0,0,0,0,0,0,1
197,Yerry,Mina,Mina,24,1.8,844,45,Everton,DEF,0,0,0,0,0,0,0,1,0,0,0,0,0,0,0,0,0,0,0,0,1,0,0,0
198,Demarai,Gray,Gray,106,3.1,2336,55,Everton,MID,0,0,0,0,0,0,0,1,0,0,0,0,0,0,0,0,0,0,0,0,0,0,0,1
199,Tom,Davies,Davies,12,2.0,230,50,Everton,MID,0,0,0,0,0,0,0,1,0,0,0,0,0,0,0,0,0,0,0,0,0,0,0,1
200,Dominic,Calvert-Lewin,Calvert-Lewin,64,3.8,1281,80,Everton,FWD,0,0,0,0,0,0,0,1,0,0,0,0,0,0,0,0,0,0,0,0,0,1,0,0
201,Mason,Holgate,Holgate,62,2.5,2133,45,Everton,DEF,0,0,0,0,0,0,0,1,0,0,0,0,0,0,0,0,0,0,0,0,1,0,0,0
202,Ben,Godfrey,Godfrey,45,2.0,2029,45,Everton,DEF,0,0,0,0,0,0,0,1,0,0,0,0,0,0,0,0,0,0,0,0,1,0,0,0
203,Vitalii,Mykolenko,Mykolenko,42,3.2,1054,45,Everton,DEF,0,0,0,0,0,0,0,1,0,0,0,0,0,0,0,0,0,0,0,0,1,0,0,0
204,Anthony,Gordon,Gordon,100,2.9,2277,55,Everton,MID,0,0,0,0,0,0,0,1,0,0,0,0,0,0,0,0,0,0,0,0,0,0,0,1
205,Jarrad,Branthwaite,Branthwaite,7,1.2,387,40,Everton,DEF,0,0,0,0,0,0,0,1,0,0,0,0,0,0,0,0,0,0,0,0,1,0,0,0
206,Nathan,Patterson,Patterson,0,0.0,0,40,Everton,DEF,0,0,0,0,0,0,0,1,0,0,0,0,0,0,0,0,0,0,0,0,1,0,0,0
207,Niels,Nkounkou,Nkounkou,0,0.0,0,40,Everton,DEF,0,0,0,0,0,0,0,1,0,0,0,0,0,0,0,0,0,0,0,0,1,0,0,0
208,James,Tarkowski,Tarkowski,83,2.4,3106,45,Everton,DEF,0,0,0,0,0,0,0,1,0,0,0,0,0,0,0,0,0,0,0,0,1,0,0,0
209,Tom,Cairney,Cairney,0,0.0,0,50,Fulham,MID,0,0,0,0,0,0,0,0,1,0,0,0,0,0,0,0,0,0,0,0,0,0,0,1
210,Tim,Ream,Ream,0,0.0,0,45,Fulham,DEF,0,0,0,0,0,0,0,0,1,0,0,0,0,0,0,0,0,0,0,0,1,0,0,0
211,Anthony,Knockaert,Knockaert,0,0.0,0,50,Fulham,MID,0,0,0,0,0,0,0,0,1,0,0,0,0,0,0,0,0,0,0,0,0,0,0,1
212,Nathaniel,Chalobah,Chalobah,0,0.0,0,45,Fulham,MID,0,0,0,0,0,0,0,0,1,0,0,0,0,0,0,0,0,0,0,0,0,0,0,1
213,Neeskens,Kebano,Kebano,0,0.0,0,55,Fulham,MID,0,0,0,0,0,0,0,0,1,0,0,0,0,0,0,0,0,0,0,0,0,0,0,1
214,Bobby,De Cordova-Reid,De Cordova-Reid,0,0.0,0,55,Fulham,MID,0,0,0,0,0,0,0,0,1,0,0,0,0,0,0,0,0,0,0,0,0,0,0,1
215,Joe,Bryan,Bryan,0,0.0,0,45,Fulham,DEF,0,0,0,0,0,0,0,0,1,0,0,0,0,0,0,0,0,0,0,0,1,0,0,0
216,Paulo,Gazzaniga Farias,Gazzaniga,0,0.0,0,40,Fulham,GKP,0,0,0,0,0,0,0,0,1,0,0,0,0,0,0,0,0,0,0,0,0,0,1,0
217,Terence,Kongolo,Kongolo,0,0.0,0,40,Fulham,DEF,0,0,0,0,0,0,0,0,1,0,0,0,0,0,0,0,0,0,0,0,1,0,0,0
218,Tosin,Adarabioyo,Tosin,0,0.0,0,45,Fulham,DEF,0,0,0,0,0,0,0,0,1,0,0,0,0,0,0,0,0,0,0,0,1,0,0,0
219,Aleksandar,Mitrović,Mitrović,0,0.0,0,65,Fulham,FWD,0,0,0,0,0,0,0,0,1,0,0,0,0,0,0,0,0,0,0,0,0,1,0,0
220,Harrison,Reed,Reed,0,0.0,0,45,Fulham,MID,0,0,0,0,0,0,0,0,1,0,0,0,0,0,0,0,0,0,0,0,0,0,0,1
221,Harry,Wilson,Wilson,0,0.0,0,60,Fulham,MID,0,0,0,0,0,0,0,0,1,0,0,0,0,0,0,0,0,0,0,0,0,0,0,1
222,Marek,Rodák,Rodák,0,0.0,0,45,Fulham,GKP,0,0,0,0,0,0,0,0,1,0,0,0,0,0,0,0,0,0,0,0,0,0,1,0
223,Ivan,Neves Abreu Cavaleiro,Cavaleiro,0,0.0,0,50,Fulham,MID,0,0,0,0,0,0,0,0,1,0,0,0,0,0,0,0,0,0,0,0,0,0,0,1
224,Kenny,Tete,Tete,0,0.0,0,45,Fulham,DEF,0,0,0,0,0,0,0,0,1,0,0,0,0,0,0,0,0,0,0,0,1,0,0,0
225,Josh,Onomah,Onomah,0,0.0,0,45,Fulham,MID,0,0,0,0,0,0,0,0,1,0,0,0,0,0,0,0,0,0,0,0,0,0,0,1
226,Antonee,Robinson,Robinson,0,0.0,0,45,Fulham,DEF,0,0,0,0,0,0,0,0,1,0,0,0,0,0,0,0,0,0,0,0,1,0,0,0
227,Rodrigo,Muniz Carvalho,Muniz,0,0.0,0,55,Fulham,FWD,0,0,0,0,0,0,0,0,1,0,0,0,0,0,0,0,0,0,0,0,0,1,0,0
228,Jay,Stansfield,Stansfield,0,0.0,0,45,Fulham,FWD,0,0,0,0,0,0,0,0,1,0,0,0,0,0,0,0,0,0,0,0,0,1,0,0
229,João,Palhinha Gonçalves,Palhinha,0,0.0,0,50,Fulham,MID,0,0,0,0,0,0,0,0,1,0,0,0,0,0,0,0,0,0,0,0,0,0,0,1
230,Andreas,Hoelgebaum Pereira,Andreas,0,0.0,0,45,Fulham,MID,0,0,0,0,0,0,0,0,1,0,0,0,0,0,0,0,0,0,0,0,0,0,0,1
231,Tyrese,Francois,Francois,0,0.0,0,45,Fulham,MID,0,0,0,0,0,0,0,0,1,0,0,0,0,0,0,0,0,0,0,0,0,0,0,1
232,Kasper,Schmeichel,Schmeichel,131,3.5,3330,50,Leicester,GKP,0,0,0,0,0,0,0,0,0,0,1,0,0,0,0,0,0,0,0,0,0,0,1,0
233,Jonny,Evans,Evans,39,2.2,1346,45,Leicester,DEF,0,0,0,0,0,0,0,0,0,0,1,0,0,0,0,0,0,0,0,0,1,0,0,0
234,Ryan,Bertrand,Bertrand,4,1.0,337,40,Leicester,DEF,0,0,0,0,0,0,0,0,0,0,1,0,0,0,0,0,0,0,0,0,1,0,0,0
235,Marc,Albrighton,Albrighton,40,2.4,1127,50,Leicester,MID,0,0,0,0,0,0,0,0,0,0,1,0,0,0,0,0,0,0,0,0,0,0,0,1
236,Nampalys,Mendy,Mendy,24,1.7,1032,45,Leicester,MID,0,0,0,0,0,0,0,0,0,0,1,0,0,0,0,0,0,0,0,0,0,0,0,1
237,Jannik,Vestergaard,Vestergaard,11,1.1,563,40,Leicester,DEF,0,0,0,0,0,0,0,0,0,0,1,0,0,0,0,0,0,0,0,0,1,0,0,0
238,Danny,Ward,Ward,3,3.0,90,40,Leicester,GKP,0,0,0,0,0,0,0,0,0,0,1,0,0,0,0,0,0,0,0,0,0,0,1,0
239,Jamie,Vardy,Vardy,133,5.3,1801,95,Leicester,FWD,0,0,0,0,0,0,0,0,0,0,1,0,0,0,0,0,0,0,0,0,0,1,0,0
240,Ricardo,Barbosa Pereira,Ricardo,35,2.5,990,45,Leicester,DEF,0,0,0,0,0,0,0,0,0,0,1,0,0,0,0,0,0,0,0,0,1,0,0,0
241,Daniel,Amartey,Amartey,55,2.0,2118,45,Leicester,DEF,0,0,0,0,0,0,0,0,0,0,1,0,0,0,0,0,0,0,0,0,1,0,0,0
242,Timothy,Castagne,Castagne,75,2.8,2124,45,Leicester,DEF,0,0,0,0,0,0,0,0,0,0,1,0,0,0,0,0,0,0,0,0,1,0,0,0
243,Youri,Tielemans,Tielemans,120,3.8,2629,65,Leicester,MID,0,0,0,0,0,0,0,0,0,0,1,0,0,0,0,0,0,0,0,0,0,0,0,1
244,Ayoze,Pérez,Pérez,35,2.5,438,50,Leicester,MID,0,0,0,0,0,0,0,0,0,0,1,0,0,0,0,0,0,0,0,0,0,0,0,1
245,James,Maddison,Maddison,181,5.2,2454,80,Leicester,MID,0,0,0,0,0,0,0,0,0,0,1,0,0,0,0,0,0,0,0,0,0,0,0,1
246,Kelechi,Iheanacho,Iheanacho,80,3.1,1253,65,Leicester,FWD,0,0,0,0,0,0,0,0,0,0,1,0,0,0,0,0,0,0,0,0,0,1,0,0
247,Hamza,Choudhury,Choudhury,8,1.3,284,45,Leicester,MID,0,0,0,0,0,0,0,0,0,0,1,0,0,0,0,0,0,0,0,0,0,0,0,1
248,Harvey,Barnes,Barnes,137,4.3,2095,70,Leicester,MID,0,0,0,0,0,0,0,0,0,0,1,0,0,0,0,0,0,0,0,0,0,0,0,1
249,Wilfred,Ndidi,Ndidi,41,2.2,1617,50,Leicester,MID,0,0,0,0,0,0,0,0,0,0,1,0,0,0,0,0,0,0,0,0,0,0,0,1
250,Kiernan,Dewsbury-Hall,Dewsbury-Hall,70,2.5,2101,50,Leicester,MID,0,0,0,0,0,0,0,0,0,0,1,0,0,0,0,0,0,0,0,0,0,0,0,1
251,Çaglar,Söyüncü,Söyüncü,66,2.4,2497,45,Leicester,DEF,0,0,0,0,0,0,0,0,0,0,1,0,0,0,0,0,0,0,0,0,1,0,0,0
252,James,Justin,Justin,29,2.2,996,45,Leicester,DEF,0,0,0,0,0,0,0,0,0,0,1,0,0,0,0,0,0,0,0,0,1,0,0,0
253,Boubakary,Soumaré,Soumaré,36,1.9,1095,45,Leicester,MID,0,0,0,0,0,0,0,0,0,0,1,0,0,0,0,0,0,0,0,0,0,0,0,1
254,Luke,Thomas,Thomas,50,2.3,1911,45,Leicester,DEF,0,0,0,0,0,0,0,0,0,0,1,0,0,0,0,0,0,0,0,0,1,0,0,0
255,Patson,Daka,Daka,70,3.0,1152,60,Leicester,FWD,0,0,0,0,0,0,0,0,0,0,1,0,0,0,0,0,0,0,0,0,0,1,0,0
256,Wesley,Fofana,Fofana,17,2.4,630,45,Leicester,DEF,0,0,0,0,0,0,0,0,0,0,1,0,0,0,0,0,0,0,0,0,1,0,0,0
257,Lewis,Brunt,Brunt,1,1.0,23,40,Leicester,DEF,0,0,0,0,0,0,0,0,0,0,1,0,0,0,0,0,0,0,0,0,1,0,0,0
258,Liam,Cooper,Cooper,60,2.9,1814,45,Leeds,DEF,0,0,0,0,0,0,0,0,0,1,0,0,0,0,0,0,0,0,0,0,1,0,0,0
259,Luke,Ayling,Ayling,55,2.1,2272,45,Leeds,DEF,0,0,0,0,0,0,0,0,0,1,0,0,0,0,0,0,0,0,0,0,1,0,0,0
260,Mateusz,Klich,Klich,61,1.8,2071,50,Leeds,MID,0,0,0,0,0,0,0,0,0,1,0,0,0,0,0,0,0,0,0,0,0,0,0,1
261,Adam,Forshaw,Forshaw,38,1.7,1526,45,Leeds,MID,0,0,0,0,0,0,0,0,0,1,0,0,0,0,0,0,0,0,0,0,0,0,0,1
262,Rodrigo,Moreno,Rodrigo,85,2.7,2263,60,Leeds,MID,0,0,0,0,0,0,0,0,0,1,0,0,0,0,0,0,0,0,0,0,0,0,0,1
263,Stuart,Dallas,Dallas,80,2.4,2920,50,Leeds,DEF,0,0,0,0,0,0,0,0,0,1,0,0,0,0,0,0,0,0,0,0,1,0,0,0
264,Patrick,Bamford,Bamford,28,3.1,557,75,Leeds,FWD,0,0,0,0,0,0,0,0,0,1,0,0,0,0,0,0,0,0,0,0,0,1,0,0
265,Diego,Llorente,Llorente,77,2.8,2341,45,Leeds,DEF,0,0,0,0,0,0,0,0,0,1,0,0,0,0,0,0,0,0,0,0,1,0,0,0
266,Tyler,Roberts,Roberts,34,1.5,976,50,Leeds,MID,0,0,0,0,0,0,0,0,0,1,0,0,0,0,0,0,0,0,0,0,0,0,0,1
267,Robin,Koch,Koch,23,1.1,1572,45,Leeds,DEF,0,0,0,0,0,0,0,0,0,1,0,0,0,0,0,0,0,0,0,0,1,0,0,0
268,Daniel,James,James,91,2.7,2489,60,Leeds,MID,0,0,0,0,0,0,0,0,0,1,0,0,0,0,0,0,0,0,0,0,0,0,0,1
269,Raphael,Dias Belloli,Raphinha,145,4.1,2916,70,Leeds,MID,0,0,0,0,0,0,0,0,0,1,0,0,0,0,0,0,0,0,0,0,0,0,0,1
270,Jack,Harrison,Harrison,117,3.3,2638,60,Leeds,MID,0,0,0,0,0,0,0,0,0,1,0,0,0,0,0,0,0,0,0,0,0,0,0,1
271,Jamie,Shackleton,Shackleton,19,1.4,704,45,Leeds,MID,0,0,0,0,0,0,0,0,0,1,0,0,0,0,0,0,0,0,0,0,0,0,0,1
272,Pascal,Struijk,Struijk,35,1.2,2050,45,Leeds,DEF,0,0,0,0,0,0,0,0,0,1,0,0,0,0,0,0,0,0,0,0,1,0,0,0
273,Kristoffer,Klaesson,Klaesson,2,2.0,35,40,Leeds,GKP,0,0,0,0,0,0,0,0,0,1,0,0,0,0,0,0,0,0,0,0,0,0,1,0
274,Sam,Greenwood,Greenwood,15,2.1,231,45,Leeds,FWD,0,0,0,0,0,0,0,0,0,1,0,0,0,0,0,0,0,0,0,0,0,1,0,0
275,Illan,Meslier,Meslier,106,2.8,3384,45,Leeds,GKP,0,0,0,0,0,0,0,0,0,1,0,0,0,0,0,0,0,0,0,0,0,0,1,0
276,Junior,Firpo Adames,Firpo,22,0.9,1709,45,Leeds,DEF,0,0,0,0,0,0,0,0,0,1,0,0,0,0,0,0,0,0,0,0,1,0,0,0
277,Crysencio,Summerville,Summerville,6,1.0,126,45,Leeds,MID,0,0,0,0,0,0,0,0,0,1,0,0,0,0,0,0,0,0,0,0,0,0,0,1
278,Lewis,Bate,Bate,3,1.0,145,45,Leeds,MID,0,0,0,0,0,0,0,0,0,1,0,0,0,0,0,0,0,0,0,0,0,0,0,1
279,Joe,Gelhardt,Gelhardt,43,2.1,733,55,Leeds,FWD,0,0,0,0,0,0,0,0,0,1,0,0,0,0,0,0,0,0,0,0,0,1,0,0
280,Leo Fuhr,Hjelde,Hjelde,2,1.0,148,40,Leeds,DEF,0,0,0,0,0,0,0,0,0,1,0,0,0,0,0,0,0,0,0,0,1,0,0,0
281,Rasmus,Kristensen,Kristensen,0,0.0,0,50,Leeds,DEF,0,0,0,0,0,0,0,0,0,1,0,0,0,0,0,0,0,0,0,0,1,0,0,0
282,Marc,Roca Junqué,Roca,0,0.0,0,50,Leeds,MID,0,0,0,0,0,0,0,0,0,1,0,0,0,0,0,0,0,0,0,0,0,0,0,1
283,Brenden,Aaronson,Aaronson,0,0.0,0,55,Leeds,MID,0,0,0,0,0,0,0,0,0,1,0,0,0,0,0,0,0,0,0,0,0,0,0,1
284,Darko,Gyabi,Gyabi,0,0.0,0,45,Leeds,MID,0,0,0,0,0,0,0,0,0,1,0,0,0,0,0,0,0,0,0,0,0,0,0,1
285,Tyler,Adams,Adams,0,0.0,0,50,Leeds,MID,0,0,0,0,0,0,0,0,0,1,0,0,0,0,0,0,0,0,0,0,0,0,0,1
286,Luis,Sinisterra Lucumí,Sinisterra,0,0.0,0,65,Leeds,MID,0,0,0,0,0,0,0,0,0,1,0,0,0,0,0,0,0,0,0,0,0,0,0,1
287,James,Milner,Milner,38,1.6,844,45,Liverpool,MID,0,0,0,0,0,0,0,0,0,0,0,1,0,0,0,0,0,0,0,0,0,0,0,1
288,Jordan,Henderson,Henderson,110,3.1,2592,55,Liverpool,MID,0,0,0,0,0,0,0,0,0,0,0,1,0,0,0,0,0,0,0,0,0,0,0,1
289,Joel,Matip,Matip,170,5.5,2790,60,Liverpool,DEF,0,0,0,0,0,0,0,0,0,0,0,1,0,0,0,0,0,0,0,0,1,0,0,0
290,Thiago,Alcántara do Nascimento,Thiago,69,2.8,1527,55,Liverpool,MID,0,0,0,0,0,0,0,0,0,0,0,1,0,0,0,0,0,0,0,0,0,0,0,1
291,Alex,Oxlade-Chamberlain,Chamberlain,42,2.5,777,50,Liverpool,MID,0,0,0,0,0,0,0,0,0,0,0,1,0,0,0,0,0,0,0,0,0,0,0,1
292,Roberto,Firmino,Firmino,62,3.1,980,80,Liverpool,FWD,0,0,0,0,0,0,0,0,0,0,0,1,0,0,0,0,0,0,0,0,0,1,0,0
293,Virgil,van Dijk,Van Dijk,183,5.4,3060,65,Liverpool,DEF,0,0,0,0,0,0,0,0,0,0,0,1,0,0,0,0,0,0,0,0,1,0,0,0
294,Alisson,Ramses Becker,Alisson,176,4.9,3240,55,Liverpool,GKP,0,0,0,0,0,0,0,0,0,0,0,1,0,0,0,0,0,0,0,0,0,0,1,0
295,Fabio Henrique,Tavares,Fabinho,97,3.3,2311,55,Liverpool,MID,0,0,0,0,0,0,0,0,0,0,0,1,0,0,0,0,0,0,0,0,0,0,0,1
296,Mohamed,Salah,Salah,265,7.6,2758,130,Liverpool,MID,0,0,0,0,0,0,0,0,0,0,0,1,0,0,0,0,0,0,0,0,0,0,0,1
297,Andrew,Robertson,Robertson,186,6.4,2537,70,Liverpool,DEF,0,0,0,0,0,0,0,0,0,0,0,1,0,0,0,0,0,0,0,0,1,0,0,0
298,Trent,Alexander-Arnold,Alexander-Arnold,208,6.5,2853,75,Liverpool,DEF,0,0,0,0,0,0,0,0,0,0,0,1,0,0,0,0,0,0,0,0,1,0,0,0
299,Joseph,Gomez,Gomez,22,2.8,330,45,Liverpool,DEF,0,0,0,0,0,0,0,0,0,0,0,1,0,0,0,0,0,0,0,0,1,0,0,0
300,Naby,Keita,Keita,65,2.8,1169,50,Liverpool,MID,0,0,0,0,0,0,0,0,0,0,0,1,0,0,0,0,0,0,0,0,0,0,0,1
301,Diogo,Teixeira da Silva,Diogo Jota,175,5.0,2357,90,Liverpool,FWD,0,0,0,0,0,0,0,0,0,0,0,1,0,0,0,0,0,0,0,0,0,1,0,0
302,Caoimhin,Kelleher,Kelleher,8,4.0,180,40,Liverpool,GKP,0,0,0,0,0,0,0,0,0,0,0,1,0,0,0,0,0,0,0,0,0,0,1,0
303,Ibrahima,Konaté,Konaté,33,3.0,990,50,Liverpool,DEF,0,0,0,0,0,0,0,0,0,0,0,1,0,0,0,0,0,0,0,0,1,0,0,0
304,Curtis,Jones,Jones,40,2.7,849,50,Liverpool,MID,0,0,0,0,0,0,0,0,0,0,0,1,0,0,0,0,0,0,0,0,0,0,0,1
305,Konstantinos,Tsimikas,Tsimikas,42,3.2,874,45,Liverpool,DEF,0,0,0,0,0,0,0,0,0,0,0,1,0,0,0,0,0,0,0,0,1,0,0,0
306,Luis,Díaz,Luis Díaz,64,4.9,957,80,Liverpool,MID,0,0,0,0,0,0,0,0,0,0,0,1,0,0,0,0,0,0,0,0,0,0,0,1
307,Harvey,Elliott,Elliott,12,2.0,344,50,Liverpool,MID,0,0,0,0,0,0,0,0,0,0,0,1,0,0,0,0,0,0,0,0,0,0,0,1
308,Fábio,Freitas Gouveia Carvalho,Carvalho,0,0.0,0,55,Liverpool,MID,0,0,0,0,0,0,0,0,0,0,0,1,0,0,0,0,0,0,0,0,0,0,0,1
309,Darwin,Núñez Ribeiro,Darwin,0,0.0,0,90,Liverpool,FWD,0,0,0,0,0,0,0,0,0,0,0,1,0,0,0,0,0,0,0,0,0,1,0,0
310,Calvin,Ramsay,Ramsay,0,0.0,0,40,Liverpool,DEF,0,0,0,0,0,0,0,0,0,0,0,1,0,0,0,0,0,0,0,0,1,0,0,0
311,Adrián,San Miguel del Castillo,Adrián,0,0.0,0,40,Liverpool,GKP,0,0,0,0,0,0,0,0,0,0,0,1,0,0,0,0,0,0,0,0,0,0,1,0
312,Rhys,Williams,R.Williams,0,0.0,0,40,Liverpool,DEF,0,0,0,0,0,0,0,0,0,0,0,1,0,0,0,0,0,0,0,0,1,0,0,0
313,Ben,Davies,Davies,0,0.0,0,40,Liverpool,DEF,0,0,0,0,0,0,0,0,0,0,0,1,0,0,0,0,0,0,0,0,1,0,0,0
314,Sepp,van den Berg,Van den Berg,0,0.0,0,40,Liverpool,DEF,0,0,0,0,0,0,0,0,0,0,0,1,0,0,0,0,0,0,0,0,1,0,0,0
315,Nathaniel,Phillips,Phillips,0,0.0,0,40,Liverpool,DEF,0,0,0,0,0,0,0,0,0,0,0,1,0,0,0,0,0,0,0,0,1,0,0,0
316,Kyle,Walker,Walker,85,4.2,1755,50,Man City,DEF,0,0,0,0,0,0,0,0,0,0,0,0,1,0,0,0,0,0,0,0,1,0,0,0
317,Ilkay,Gündogan,Gündogan,124,4.6,1851,75,Man City,MID,0,0,0,0,0,0,0,0,0,0,0,0,1,0,0,0,0,0,0,0,0,0,0,1
318,Kevin,De Bruyne,De Bruyne,196,6.5,2196,120,Man City,MID,0,0,0,0,0,0,0,0,0,0,0,0,1,0,0,0,0,0,0,0,0,0,0,1
319,John,Stones,Stones,70,5.0,1117,55,Man City,DEF,0,0,0,0,0,0,0,0,0,0,0,0,1,0,0,0,0,0,0,0,1,0,0,0
320,Riyad,Mahrez,Mahrez,135,4.8,1485,80,Man City,MID,0,0,0,0,0,0,0,0,0,0,0,0,1,0,0,0,0,0,0,0,0,0,0,1
321,Jack,Grealish,Grealish,86,3.3,1910,70,Man City,MID,0,0,0,0,0,0,0,0,0,0,0,0,1,0,0,0,0,0,0,0,0,0,0,1
322,João,Cancelo,Cancelo,201,5.6,3227,70,Man City,DEF,0,0,0,0,0,0,0,0,0,0,0,0,1,0,0,0,0,0,0,0,1,0,0,0
323,Ederson,Santana de Moraes,Ederson,155,4.2,3330,55,Man City,GKP,0,0,0,0,0,0,0,0,0,0,0,0,1,0,0,0,0,0,0,0,0,0,1,0
324,Nathan,Aké,Aké,54,3.9,919,50,Man City,DEF,0,0,0,0,0,0,0,0,0,0,0,0,1,0,0,0,0,0,0,0,1,0,0,0
325,Aymeric,Laporte,Laporte,160,4.8,2830,60,Man City,DEF,0,0,0,0,0,0,0,0,0,0,0,0,1,0,0,0,0,0,0,0,1,0,0,0
326,Zack,Steffen,Steffen,7,7.0,90,40,Man City,GKP,0,0,0,0,0,0,0,0,0,0,0,0,1,0,0,0,0,0,0,0,0,0,1,0
327,Bernardo,Veiga de Carvalho e Silva,Bernardo,155,4.4,2856,70,Man City,MID,0,0,0,0,0,0,0,0,0,0,0,0,1,0,0,0,0,0,0,0,0,0,0,1
328,Rúben,Gato Alves Dias,Dias,141,4.9,2401,60,Man City,DEF,0,0,0,0,0,0,0,0,0,0,0,0,1,0,0,0,0,0,0,0,1,0,0,0
329,Oleksandr,Zinchenko,Zinchenko,59,3.9,1044,50,Man City,DEF,0,0,0,0,0,0,0,0,0,0,0,0,1,0,0,0,0,0,0,0,1,0,0,0
330,Phil,Foden,Foden,137,4.9,2125,80,Man City,MID,0,0,0,0,0,0,0,0,0,0,0,0,1,0,0,0,0,0,0,0,0,0,0,1
331,Rodrigo,Hernandez,Rodri,127,3.8,2884,60,Man City,MID,0,0,0,0,0,0,0,0,0,0,0,0,1,0,0,0,0,0,0,0,0,0,0,1
332,Cole,Palmer,Palmer,9,2.2,121,45,Man City,MID,0,0,0,0,0,0,0,0,0,0,0,0,1,0,0,0,0,0,0,0,0,0,0,1
333,James,McAtee,McAtee,2,1.0,18,45,Man City,MID,0,0,0,0,0,0,0,0,0,0,0,0,1,0,0,0,0,0,0,0,0,0,0,1
334,Erling,Håland,Haaland,0,0.0,0,115,Man City,FWD,0,0,0,0,0,0,0,0,0,0,0,0,1,0,0,0,0,0,0,0,0,1,0,0
335,Julián,Álvarez,Álvarez,0,0.0,0,65,Man City,FWD,0,0,0,0,0,0,0,0,0,0,0,0,1,0,0,0,0,0,0,0,0,1,0,0
336,Luke,Mbete-Tabu,Mbete,0,0.0,0,40,Man City,DEF,0,0,0,0,0,0,0,0,0,0,0,0,1,0,0,0,0,0,0,0,1,0,0,0
337,Josh,Wilson-Esbrand,Wilson-Esbrand,0,0.0,0,40,Man City,DEF,0,0,0,0,0,0,0,0,0,0,0,0,1,0,0,0,0,0,0,0,1,0,0,0
338,Liam,Delap,Delap,1,1.0,8,45,Man City,FWD,0,0,0,0,0,0,0,0,0,0,0,0,1,0,0,0,0,0,0,0,0,1,0,0
339,Stefan,Ortega Moreno,Ortega,0,0.0,0,40,Man City,GKP,0,0,0,0,0,0,0,0,0,0,0,0,1,0,0,0,0,0,0,0,0,0,1,0
340,Kalvin,Phillips,Phillips,39,1.9,1594,50,Man City,MID,0,0,0,0,0,0,0,0,0,0,0,0,1,0,0,0,0,0,0,0,0,0,0,1
341,Scott,Carson,Carson,0,0.0,0,40,Man City,GKP,0,0,0,0,0,0,0,0,0,0,0,0,1,0,0,0,0,0,0,0,0,0,1,0
342,Cristiano Ronaldo,dos Santos Aveiro,Ronaldo,159,5.3,2454,105,Man Utd,FWD,0,0,0,0,0,0,0,0,0,0,0,0,0,1,0,0,0,0,0,0,0,1,0,0
343,David,De Gea Quintana,De Gea,132,3.5,3420,50,Man Utd,GKP,0,0,0,0,0,0,0,0,0,0,0,0,0,1,0,0,0,0,0,0,0,0,1,0
344,Phil,Jones,Jones,4,1.0,161,40,Man Utd,DEF,0,0,0,0,0,0,0,0,0,0,0,0,0,1,0,0,0,0,0,0,1,0,0,0
345,Raphaël,Varane,Varane,75,3.4,1829,50,Man Utd,DEF,0,0,0,0,0,0,0,0,0,0,0,0,0,1,0,0,0,0,0,0,1,0,0,0
346,Harry,Maguire,Maguire,69,2.3,2513,50,Man Utd,DEF,0,0,0,0,0,0,0,0,0,0,0,0,0,1,0,0,0,0,0,0,1,0,0,0
347,Frederico,Rodrigues de Paula Santos,Fred,93,3.3,2026,55,Man Utd,MID,0,0,0,0,0,0,0,0,0,0,0,0,0,1,0,0,0,0,0,0,0,0,0,1
348,Luke,Shaw,Shaw,46,2.3,1600,50,Man Utd,DEF,0,0,0,0,0,0,0,0,0,0,0,0,0,1,0,0,0,0,0,0,1,0,0,0
349,Bruno,Borges Fernandes,Fernandes,151,4.2,3110,100,Man Utd,MID,0,0,0,0,0,0,0,0,0,0,0,0,0,1,0,0,0,0,0,0,0,0,0,1
350,Alex,Telles,Telles,67,3.2,1658,50,Man Utd,DEF,0,0,0,0,0,0,0,0,0,0,0,0,0,1,0,0,0,0,0,0,1,0,0,0
351,Marcus,Rashford,Rashford,63,2.5,1224,65,Man Utd,MID,0,0,0,0,0,0,0,0,0,0,0,0,0,1,0,0,0,0,0,0,0,0,0,1
352,Donny,van de Beek,Van de Beek,31,2.1,550,55,Man Utd,MID,0,0,0,0,0,0,0,0,0,0,0,0,0,1,0,0,0,0,0,0,0,0,0,1
353,Victor,Lindelöf,Lindelöf,66,2.4,2353,45,Man Utd,DEF,0,0,0,0,0,0,0,0,0,0,0,0,0,1,0,0,0,0,0,0,1,0,0,0
354,Scott,McTominay,McTominay,68,2.3,2386,50,Man Utd,MID,0,0,0,0,0,0,0,0,0,0,0,0,0,1,0,0,0,0,0,0,0,0,0,1
355,Eric,Bailly,Bailly,2,0.5,216,40,Man Utd,DEF,0,0,0,0,0,0,0,0,0,0,0,0,0,1,0,0,0,0,0,0,1,0,0,0
356,Jadon,Sancho,Sancho,91,3.1,1894,75,Man Utd,MID,0,0,0,0,0,0,0,0,0,0,0,0,0,1,0,0,0,0,0,0,0,0,0,1
357,Aaron,Wan-Bissaka,Wan-Bissaka,41,2.0,1793,45,Man Utd,DEF,0,0,0,0,0,0,0,0,0,0,0,0,0,1,0,0,0,0,0,0,1,0,0,0
358,Diogo,Dalot Teixeira,Dalot,54,2.2,1797,45,Man Utd,DEF,0,0,0,0,0,0,0,0,0,0,0,0,0,1,0,0,0,0,0,0,1,0,0,0
359,Brandon,Williams,B.Williams,36,1.4,2119,40,Man Utd,DEF,0,0,0,0,0,0,0,0,0,0,0,0,0,1,0,0,0,0,0,0,1,0,0,0
360,Anthony,Elanga,Elanga,59,2.8,1208,50,Man Utd,MID,0,0,0,0,0,0,0,0,0,0,0,0,0,1,0,0,0,0,0,0,0,0,0,1
361,Anthony,Martial,Martial,14,1.8,207,70,Man Utd,FWD,0,0,0,0,0,0,0,0,0,0,0,0,0,1,0,0,0,0,0,0,0,1,0,0
362,Facundo,Pellistri Rebollo,Pellistri,0,0.0,0,45,Man Utd,MID,0,0,0,0,0,0,0,0,0,0,0,0,0,1,0,0,0,0,0,0,0,0,0,1
363,Tom,Heaton,Heaton,0,0.0,0,40,Man Utd,GKP,0,0,0,0,0,0,0,0,0,0,0,0,0,1,0,0,0,0,0,0,0,0,1,0
364,Tyrell,Malacia,Malacia,0,0.0,0,45,Man Utd,DEF,0,0,0,0,0,0,0,0,0,0,0,0,0,1,0,0,0,0,0,0,1,0,0,0
365,Christian,Eriksen,Eriksen,43,3.9,938,65,Man Utd,MID,0,0,0,0,0,0,0,0,0,0,0,0,0,1,0,0,0,0,0,0,0,0,0,1
366,Jonjo,Shelvey,Shelvey,63,2.6,1981,50,Newcastle,MID,0,0,0,0,0,0,0,0,0,0,0,0,0,0,1,0,0,0,0,0,0,0,0,1
367,Matt,Ritchie,Ritchie,20,1.1,1333,45,Newcastle,DEF,0,0,0,0,0,0,0,0,0,0,0,0,0,0,1,0,0,0,0,0,1,0,0,0
368,Federico,Fernández,Fernández,11,1.6,521,45,Newcastle,DEF,0,0,0,0,0,0,0,0,0,0,0,0,0,0,1,0,0,0,0,0,1,0,0,0
369,Ciaran,Clark,Clark,14,1.1,1012,45,Newcastle,DEF,0,0,0,0,0,0,0,0,0,0,0,0,0,0,1,0,0,0,0,0,1,0,0,0
370,Karl,Darlow,Darlow,20,2.5,720,40,Newcastle,GKP,0,0,0,0,0,0,0,0,0,0,0,0,0,0,1,0,0,0,0,0,0,0,1,0
371,Chris,Wood,Wood,91,2.7,2694,60,Newcastle,FWD,0,0,0,0,0,0,0,0,0,0,0,0,0,0,1,0,0,0,0,0,0,1,0,0
372,Martin,Dubravka,Dubravka,96,3.7,2340,45,Newcastle,GKP,0,0,0,0,0,0,0,0,0,0,0,0,0,0,1,0,0,0,0,0,0,0,1,0
373,Callum,Wilson,Wilson,75,4.2,1386,75,Newcastle,FWD,0,0,0,0,0,0,0,0,0,0,0,0,0,0,1,0,0,0,0,0,0,1,0,0
374,Kieran,Trippier,Trippier,28,4.7,429,50,Newcastle,DEF,0,0,0,0,0,0,0,0,0,0,0,0,0,0,1,0,0,0,0,0,1,0,0,0
375,Dan,Burn,Burn,92,3.2,2461,45,Newcastle,DEF,0,0,0,0,0,0,0,0,0,0,0,0,0,0,1,0,0,0,0,0,1,0,0,0
376,Ryan,Fraser,Fraser,78,2.9,1459,55,Newcastle,MID,0,0,0,0,0,0,0,0,0,0,0,0,0,0,1,0,0,0,0,0,0,0,0,1
377,Jamaal,Lascelles,Lascelles,47,1.8,2055,45,Newcastle,DEF,0,0,0,0,0,0,0,0,0,0,0,0,0,0,1,0,0,0,0,0,1,0,0,0
378,Dwight,Gayle,Gayle,7,0.9,34,45,Newcastle,FWD,0,0,0,0,0,0,0,0,0,0,0,0,0,0,1,0,0,0,0,0,0,1,0,0
379,Paul,Dummett,Dummett,7,2.3,197,40,Newcastle,DEF,0,0,0,0,0,0,0,0,0,0,0,0,0,0,1,0,0,0,0,0,1,0,0,0
380,Javier,Manquillo Gaitán,Manquillo,38,2.0,1258,45,Newcastle,DEF,0,0,0,0,0,0,0,0,0,0,0,0,0,0,1,0,0,0,0,0,1,0,0,0
381,Emil,Krafth,Krafth,58,2.9,1636,45,Newcastle,DEF,0,0,0,0,0,0,0,0,0,0,0,0,0,0,1,0,0,0,0,0,1,0,0,0
382,Jacob,Murphy,Murphy,62,1.9,1457,45,Newcastle,MID,0,0,0,0,0,0,0,0,0,0,0,0,0,0,1,0,0,0,0,0,0,0,0,1
383,Fabian,Schär,Schär,88,3.5,2158,45,Newcastle,DEF,0,0,0,0,0,0,0,0,0,0,0,0,0,0,1,0,0,0,0,0,1,0,0,0
384,Matt,Targett,Targett,101,3.1,2871,50,Newcastle,DEF,0,0,0,0,0,0,0,0,0,0,0,0,0,0,1,0,0,0,0,0,1,0,0,0
385,Allan,Saint-Maximin,Saint-Maximin,116,3.3,2804,65,Newcastle,MID,0,0,0,0,0,0,0,0,0,0,0,0,0,0,1,0,0,0,0,0,0,0,0,1
386,Miguel,Almirón Rejala,Almirón,59,2.0,1706,50,Newcastle,MID,0,0,0,0,0,0,0,0,0,0,0,0,0,0,1,0,0,0,0,0,0,0,0,1
387,Sean,Longstaff,S.Longstaff,48,2.0,1458,45,Newcastle,MID,0,0,0,0,0,0,0,0,0,0,0,0,0,0,1,0,0,0,0,0,0,0,0,1
388,Joelinton Cássio,Apolinário de Lira,Joelinton,83,2.4,2554,60,Newcastle,MID,0,0,0,0,0,0,0,0,0,0,0,0,0,0,1,0,0,0,0,0,0,0,0,1
389,Jamal,Lewis,Lewis,10,2.0,261,45,Newcastle,DEF,0,0,0,0,0,0,0,0,0,0,0,0,0,0,1,0,0,0,0,0,1,0,0,0
390,Joe,Willock,Willock,79,2.7,2037,50,Newcastle,MID,0,0,0,0,0,0,0,0,0,0,0,0,0,0,1,0,0,0,0,0,0,0,0,1
391,Bruno,Guimarães Rodriguez Moura,Bruno Guimarães,67,3.9,1031,60,Newcastle,MID,0,0,0,0,0,0,0,0,0,0,0,0,0,0,1,0,0,0,0,0,0,0,0,1
392,Jeff,Hendrick,Hendrick,8,2.7,69,45,Newcastle,MID,0,0,0,0,0,0,0,0,0,0,0,0,0,0,1,0,0,0,0,0,0,0,0,1
393,Nick,Pope,Pope,130,3.6,3240,50,Newcastle,GKP,0,0,0,0,0,0,0,0,0,0,0,0,0,0,1,0,0,0,0,0,0,0,1,0
394,Sven,Botman,Botman,0,0.0,0,45,Newcastle,DEF,0,0,0,0,0,0,0,0,0,0,0,0,0,0,1,0,0,0,0,0,1,0,0,0
395,Neco,Williams,N.Williams,4,4.0,7,40,Nott'm Forest,DEF,0,0,0,0,0,0,0,0,0,0,0,0,0,0,0,1,0,0,0,0,1,0,0,0
396,Harry,Arter,Arter,0,0.0,0,45,Nott'm Forest,MID,0,0,0,0,0,0,0,0,0,0,0,0,0,0,0,1,0,0,0,0,0,0,0,1
397,Steve,Cook,Cook,0,0.0,0,45,Nott'm Forest,DEF,0,0,0,0,0,0,0,0,0,0,0,0,0,0,0,1,0,0,0,0,1,0,0,0
398,Lyle,Taylor,Taylor,0,0.0,0,45,Nott'm Forest,FWD,0,0,0,0,0,0,0,0,0,0,0,0,0,0,0,1,0,0,0,0,0,1,0,0
399,Jack,Colback,Colback,0,0.0,0,45,Nott'm Forest,MID,0,0,0,0,0,0,0,0,0,0,0,0,0,0,0,1,0,0,0,0,0,0,0,1
400,Brice,Samba,Samba,0,0.0,0,45,Nott'm Forest,GKP,0,0,0,0,0,0,0,0,0,0,0,0,0,0,0,1,0,0,0,0,0,0,1,0
401,Carlos,Ribeiro Dias,Cafú,0,0.0,0,45,Nott'm Forest,MID,0,0,0,0,0,0,0,0,0,0,0,0,0,0,0,1,0,0,0,0,0,0,0,1
402,Joe,Lolley,Lolley,0,0.0,0,50,Nott'm Forest,MID,0,0,0,0,0,0,0,0,0,0,0,0,0,0,0,1,0,0,0,0,0,0,0,1
403,Scott,McKenna,McKenna,0,0.0,0,45,Nott'm Forest,DEF,0,0,0,0,0,0,0,0,0,0,0,0,0,0,0,1,0,0,0,0,1,0,0,0
404,Mohamed,Dräger,Dräger,0,0.0,0,40,Nott'm Forest,DEF,0,0,0,0,0,0,0,0,0,0,0,0,0,0,0,1,0,0,0,0,1,0,0,0
405,Ryan,Yates,Yates,0,0.0,0,50,Nott'm Forest,MID,0,0,0,0,0,0,0,0,0,0,0,0,0,0,0,1,0,0,0,0,0,0,0,1
406,Joe,Worrall,Worrall,0,0.0,0,45,Nott'm Forest,DEF,0,0,0,0,0,0,0,0,0,0,0,0,0,0,0,1,0,0,0,0,1,0,0,0
407,Jonathan,Panzo,Panzo,0,0.0,0,40,Nott'm Forest,DEF,0,0,0,0,0,0,0,0,0,0,0,0,0,0,0,1,0,0,0,0,1,0,0,0
408,Xande,Nascimento da Costa Silva,Xande Silva,0,0.0,0,50,Nott'm Forest,MID,0,0,0,0,0,0,0,0,0,0,0,0,0,0,0,1,0,0,0,0,0,0,0,1
409,Sam,Surridge,Surridge,0,0.0,0,50,Nott'm Forest,FWD,0,0,0,0,0,0,0,0,0,0,0,0,0,0,0,1,0,0,0,0,0,1,0,0
410,Richie,Laryea,Laryea,0,0.0,0,45,Nott'm Forest,DEF,0,0,0,0,0,0,0,0,0,0,0,0,0,0,0,1,0,0,0,0,1,0,0,0
411,Loïc,Mbe Soh,Mbe Soh,0,0.0,0,45,Nott'm Forest,DEF,0,0,0,0,0,0,0,0,0,0,0,0,0,0,0,1,0,0,0,0,1,0,0,0
412,Brennan,Johnson,Johnson,0,0.0,0,60,Nott'm Forest,FWD,0,0,0,0,0,0,0,0,0,0,0,0,0,0,0,1,0,0,0,0,0,1,0,0
413,Alex,Mighten,Mighten,0,0.0,0,50,Nott'm Forest,MID,0,0,0,0,0,0,0,0,0,0,0,0,0,0,0,1,0,0,0,0,0,0,0,1
414,Braian,Ojeda Rodríguez,Ojeda,0,0.0,0,45,Nott'm Forest,MID,0,0,0,0,0,0,0,0,0,0,0,0,0,0,0,1,0,0,0,0,0,0,0,1
415,Taiwo,Awoniyi,Awoniyi,0,0.0,0,60,Nott'm Forest,FWD,0,0,0,0,0,0,0,0,0,0,0,0,0,0,0,1,0,0,0,0,0,1,0,0
416,Dean,Henderson,Henderson,0,0.0,0,45,Nott'm Forest,GKP,0,0,0,0,0,0,0,0,0,0,0,0,0,0,0,1,0,0,0,0,0,0,1,0
417,Giulian,Biancone,Biancone,0,0.0,0,45,Nott'm Forest,DEF,0,0,0,0,0,0,0,0,0,0,0,0,0,0,0,1,0,0,0,0,1,0,0,0
418,Moussa,Niakhaté,Niakhaté,0,0.0,0,45,Nott'm Forest,DEF,0,0,0,0,0,0,0,0,0,0,0,0,0,0,0,1,0,0,0,0,1,0,0,0
419,Omar,Richards,Richards,0,0.0,0,45,Nott'm Forest,DEF,0,0,0,0,0,0,0,0,0,0,0,0,0,0,0,1,0,0,0,0,1,0,0,0
420,Wayne,Hennessey,Hennessey,4,2.0,180,40,Nott'm Forest,GKP,0,0,0,0,0,0,0,0,0,0,0,0,0,0,0,1,0,0,0,0,0,0,1,0
421,Harry,Toffolo,Toffolo,0,0.0,0,45,Nott'm Forest,DEF,0,0,0,0,0,0,0,0,0,0,0,0,0,0,0,1,0,0,0,0,1,0,0,0
422,Lewis,O'Brien,O'Brien,0,0.0,0,50,Nott'm Forest,MID,0,0,0,0,0,0,0,0,0,0,0,0,0,0,0,1,0,0,0,0,0,0,0,1
423,Roméo,Lavia,Lavia,0,0.0,0,45,Southampton,MID,0,0,0,0,0,0,0,0,0,0,0,0,0,0,0,0,1,0,0,0,0,0,0,1
424,Theo,Walcott,Walcott,12,1.3,376,50,Southampton,MID,0,0,0,0,0,0,0,0,0,0,0,0,0,0,0,0,1,0,0,0,0,0,0,1
425,Alex,McCarthy,McCarthy,55,3.2,1530,45,Southampton,GKP,0,0,0,0,0,0,0,0,0,0,0,0,0,0,0,0,1,0,0,0,0,0,1,0
426,Oriol,Romeu Vidal,Romeu,88,2.4,2890,50,Southampton,MID,0,0,0,0,0,0,0,0,0,0,0,0,0,0,0,0,1,0,0,0,0,0,0,1
427,Nathan,Redmond,Redmond,79,2.9,1827,55,Southampton,MID,0,0,0,0,0,0,0,0,0,0,0,0,0,0,0,0,1,0,0,0,0,0,0,1
428,Jack,Stephens,Stephens,12,1.1,810,45,Southampton,DEF,0,0,0,0,0,0,0,0,0,0,0,0,0,0,0,0,1,0,0,0,1,0,0,0
429,Stuart,Armstrong,S.Armstrong,57,2.3,1465,50,Southampton,MID,0,0,0,0,0,0,0,0,0,0,0,0,0,0,0,0,1,0,0,0,0,0,0,1
430,Mohamed,Elyounoussi,Elyounoussi,90,3.0,2039,55,Southampton,MID,0,0,0,0,0,0,0,0,0,0,0,0,0,0,0,0,1,0,0,0,0,0,0,1
431,James,Ward-Prowse,Ward-Prowse,159,4.4,3215,65,Southampton,MID,0,0,0,0,0,0,0,0,0,0,0,0,0,0,0,0,1,0,0,0,0,0,0,1
432,Adam,Armstrong,A.Armstrong,57,2.5,1409,55,Southampton,FWD,0,0,0,0,0,0,0,0,0,0,0,0,0,0,0,0,1,0,0,0,0,1,0,0
433,Kyle,Walker-Peters,Walker-Peters,82,2.6,2630,45,Southampton,DEF,0,0,0,0,0,0,0,0,0,0,0,0,0,0,0,0,1,0,0,0,1,0,0,0
434,Jan,Bednarek,Bednarek,94,3.0,2629,45,Southampton,DEF,0,0,0,0,0,0,0,0,0,0,0,0,0,0,0,0,1,0,0,0,1,0,0,0
435,Che,Adams,Adams,103,3.4,2034,65,Southampton,FWD,0,0,0,0,0,0,0,0,0,0,0,0,0,0,0,0,1,0,0,0,0,1,0,0
436,Nathan,Tella,Tella,29,2.1,802,50,Southampton,MID,0,0,0,0,0,0,0,0,0,0,0,0,0,0,0,0,1,0,0,0,0,0,0,1
437,Lyanco,Silveira Neves Vojnovic,Lyanco,19,1.3,906,45,Southampton,DEF,0,0,0,0,0,0,0,0,0,0,0,0,0,0,0,0,1,0,0,0,1,0,0,0
438,Yan,Valery,Valery,9,1.8,369,40,Southampton,DEF,0,0,0,0,0,0,0,0,0,0,0,0,0,0,0,0,1,0,0,0,1,0,0,0
439,Will,Smallbone,Smallbone,5,1.2,132,45,Southampton,MID,0,0,0,0,0,0,0,0,0,0,0,0,0,0,0,0,1,0,0,0,0,0,0,1
440,Ibrahima,Diallo,Diallo,44,1.9,1016,45,Southampton,MID,0,0,0,0,0,0,0,0,0,0,0,0,0,0,0,0,1,0,0,0,0,0,0,1
441,Romain,Perraud,Perraud,38,1.9,1621,45,Southampton,DEF,0,0,0,0,0,0,0,0,0,0,0,0,0,0,0,0,1,0,0,0,1,0,0,0
442,Moussa,Djenepo,Djenepo,13,1.1,452,50,Southampton,MID,0,0,0,0,0,0,0,0,0,0,0,0,0,0,0,0,1,0,0,0,0,0,0,1
443,Tino,Livramento,Livramento,80,2.9,2200,45,Southampton,DEF,0,0,0,0,0,0,0,0,0,0,0,0,0,0,0,0,1,0,0,0,1,0,0,0
444,Mohammed,Salisu,Salisu,58,1.7,2971,45,Southampton,DEF,0,0,0,0,0,0,0,0,0,0,0,0,0,0,0,0,1,0,0,0,1,0,0,0
445,Mateusz,Lis,Lis,0,0.0,0,40,Southampton,GKP,0,0,0,0,0,0,0,0,0,0,0,0,0,0,0,0,1,0,0,0,0,0,1,0
446,Gavin,Bazunu,Bazunu,0,0.0,0,45,Southampton,GKP,0,0,0,0,0,0,0,0,0,0,0,0,0,0,0,0,1,0,0,0,0,0,1,0
447,Armel,Bella-Kotchap,Bella-Kotchap,0,0.0,0,45,Southampton,DEF,0,0,0,0,0,0,0,0,0,0,0,0,0,0,0,0,1,0,0,0,1,0,0,0
448,Willy,Caballero,Caballero,2,1.0,180,40,Southampton,GKP,0,0,0,0,0,0,0,0,0,0,0,0,0,0,0,0,1,0,0,0,0,0,1,0
449,Joe,Ayodele-Aribo,Aribo,0,0.0,0,55,Southampton,MID,0,0,0,0,0,0,0,0,0,0,0,0,0,0,0,0,1,0,0,0,0,0,0,1
450,Hugo,Lloris,Lloris,158,4.2,3420,55,Spurs,GKP,0,0,0,0,0,0,0,0,0,0,0,0,0,0,0,0,0,1,0,0,0,0,1,0
451,Fraser,Forster,Forster,57,3.0,1710,40,Spurs,GKP,0,0,0,0,0,0,0,0,0,0,0,0,0,0,0,0,0,1,0,0,0,0,1,0
452,Harry,Kane,Kane,192,5.2,3231,115,Spurs,FWD,0,0,0,0,0,0,0,0,0,0,0,0,0,0,0,0,0,1,0,0,0,1,0,0
453,Son,Heung-min,Son,258,7.4,3009,120,Spurs,MID,0,0,0,0,0,0,0,0,0,0,0,0,0,0,0,0,0,1,0,0,0,0,0,1
454,Matt,Doherty,Doherty,67,4.5,871,50,Spurs,DEF,0,0,0,0,0,0,0,0,0,0,0,0,0,0,0,0,0,1,0,0,1,0,0,0
455,Eric,Dier,Dier,132,3.8,3071,50,Spurs,DEF,0,0,0,0,0,0,0,0,0,0,0,0,0,0,0,0,0,1,0,0,1,0,0,0
456,Lucas,Rodrigues Moura da Silva,Lucas Moura,87,2.6,1763,60,Spurs,MID,0,0,0,0,0,0,0,0,0,0,0,0,0,0,0,0,0,1,0,0,0,0,0,1
457,Ben,Davies,Davies,105,3.6,2537,50,Spurs,DEF,0,0,0,0,0,0,0,0,0,0,0,0,0,0,0,0,0,1,0,0,1,0,0,0
458,Pierre-Emile,Højbjerg,Højbjerg,109,3.0,3196,55,Spurs,MID,0,0,0,0,0,0,0,0,0,0,0,0,0,0,0,0,0,1,0,0,0,0,0,1
459,Harry,Winks,Winks,33,1.7,904,45,Spurs,MID,0,0,0,0,0,0,0,0,0,0,0,0,0,0,0,0,0,1,0,0,0,0,0,1
460,Davinson,Sánchez,Sánchez,93,4.0,1626,45,Spurs,DEF,0,0,0,0,0,0,0,0,0,0,0,0,0,0,0,0,0,1,0,0,1,0,0,0
461,Ryan,Sessegnon,R.Sessegnon,56,3.7,1046,45,Spurs,DEF,0,0,0,0,0,0,0,0,0,0,0,0,0,0,0,0,0,1,0,0,1,0,0,0
462,Steven,Bergwijn,Bergwijn,55,2.2,548,55,Spurs,MID,0,0,0,0,0,0,0,0,0,0,0,0,0,0,0,0,0,1,0,0,0,0,0,1
463,Sergio,Reguilón,Reguilón,104,4.2,1914,45,Spurs,DEF,0,0,0,0,0,0,0,0,0,0,0,0,0,0,0,0,0,1,0,0,1,0,0,0
464,Japhet,Tanganga,Tanganga,29,2.6,735,40,Spurs,DEF,0,0,0,0,0,0,0,0,0,0,0,0,0,0,0,0,0,1,0,0,1,0,0,0
465,Rodrigo,Bentancur,Bentancur,52,3.1,1360,55,Spurs,MID,0,0,0,0,0,0,0,0,0,0,0,0,0,0,0,0,0,1,0,0,0,0,0,1
466,Oliver,Skipp,Skipp,34,1.9,1346,45,Spurs,MID,0,0,0,0,0,0,0,0,0,0,0,0,0,0,0,0,0,1,0,0,0,0,0,1
467,Joe,Rodon,Rodon,3,1.0,87,40,Spurs,DEF,0,0,0,0,0,0,0,0,0,0,0,0,0,0,0,0,0,1,0,0,1,0,0,0
468,Cristian,Romero,Romero,63,2.9,1844,50,Spurs,DEF,0,0,0,0,0,0,0,0,0,0,0,0,0,0,0,0,0,1,0,0,1,0,0,0
469,Yves,Bissouma,Bissouma,66,2.5,2110,50,Spurs,MID,0,0,0,0,0,0,0,0,0,0,0,0,0,0,0,0,0,1,0,0,0,0,0,1
470,Emerson,Leite de Souza Junior,Emerson Royal,102,3.3,2282,50,Spurs,DEF,0,0,0,0,0,0,0,0,0,0,0,0,0,0,0,0,0,1,0,0,1,0,0,0
471,Dejan,Kulusevski,Kulusevski,99,5.5,1259,80,Spurs,MID,0,0,0,0,0,0,0,0,0,0,0,0,0,0,0,0,0,1,0,0,0,0,0,1
472,Dane,Scarlett,Scarlett,1,1.0,3,45,Spurs,FWD,0,0,0,0,0,0,0,0,0,0,0,0,0,0,0,0,0,1,0,0,0,1,0,0
473,Ivan,Perišić,Perišić,0,0.0,0,55,Spurs,DEF,0,0,0,0,0,0,0,0,0,0,0,0,0,0,0,0,0,1,0,0,1,0,0,0
474,Harvey,White,White,0,0.0,0,45,Spurs,MID,0,0,0,0,0,0,0,0,0,0,0,0,0,0,0,0,0,1,0,0,0,0,0,1
475,Pape Matar,Sarr,Sarr,0,0.0,0,45,Spurs,MID,0,0,0,0,0,0,0,0,0,0,0,0,0,0,0,0,0,1,0,0,0,0,0,1
476,Brandon,Austin,Austin,0,0.0,0,40,Spurs,GKP,0,0,0,0,0,0,0,0,0,0,0,0,0,0,0,0,0,1,0,0,0,0,1,0
477,Alfie,Devine,Devine,0,0.0,0,45,Spurs,MID,0,0,0,0,0,0,0,0,0,0,0,0,0,0,0,0,0,1,0,0,0,0,0,1
478,Troy,Parrott,Parrott,0,0.0,0,45,Spurs,FWD,0,0,0,0,0,0,0,0,0,0,0,0,0,0,0,0,0,1,0,0,0,1,0,0
479,Richarlison,de Andrade,Richarlison,125,4.2,2522,85,Spurs,FWD,0,0,0,0,0,0,0,0,0,0,0,0,0,0,0,0,0,1,0,0,0,1,0,0
480,Clément,Lenglet,Lenglet,0,0.0,0,50,Spurs,DEF,0,0,0,0,0,0,0,0,0,0,0,0,0,0,0,0,0,1,0,0,1,0,0,0
481,Djed,Spence,Spence,0,0.0,0,45,Spurs,DEF,0,0,0,0,0,0,0,0,0,0,0,0,0,0,0,0,0,1,0,0,1,0,0,0
482,Lukasz,Fabianski,Fabianski,136,3.7,3330,50,West Ham,GKP,0,0,0,0,0,0,0,0,0,0,0,0,0,0,0,0,0,0,1,0,0,0,1,0
483,Angelo,Ogbonna,Ogbonna,40,3.6,921,45,West Ham,DEF,0,0,0,0,0,0,0,0,0,0,0,0,0,0,0,0,0,0,1,0,1,0,0,0
484,Aaron,Cresswell,Cresswell,115,3.7,2726,50,West Ham,DEF,0,0,0,0,0,0,0,0,0,0,0,0,0,0,0,0,0,0,1,0,1,0,0,0
485,Michail,Antonio,Antonio,140,3.9,2975,75,West Ham,FWD,0,0,0,0,0,0,0,0,0,0,0,0,0,0,0,0,0,0,1,0,0,1,0,0
486,Craig,Dawson,Dawson,90,2.6,2752,50,West Ham,DEF,0,0,0,0,0,0,0,0,0,0,0,0,0,0,0,0,0,0,1,0,1,0,0,0
487,Manuel,Lanzini,Lanzini,92,3.1,1777,55,West Ham,MID,0,0,0,0,0,0,0,0,0,0,0,0,0,0,0,0,0,0,1,0,0,0,0,1
488,Kurt,Zouma,Zouma,66,2.8,2078,45,West Ham,DEF,0,0,0,0,0,0,0,0,0,0,0,0,0,0,0,0,0,0,1,0,1,0,0,0
489,Arthur,Masuaku,Masuaku,29,2.2,645,45,West Ham,DEF,0,0,0,0,0,0,0,0,0,0,0,0,0,0,0,0,0,0,1,0,1,0,0,0
490,Vladimir,Coufal,Coufal,70,2.5,2207,45,West Ham,DEF,0,0,0,0,0,0,0,0,0,0,0,0,0,0,0,0,0,0,1,0,1,0,0,0
491,Saïd,Benrahma,Benrahma,138,4.3,2162,60,West Ham,MID,0,0,0,0,0,0,0,0,0,0,0,0,0,0,0,0,0,0,1,0,0,0,0,1
492,Jarrod,Bowen,Bowen,206,5.7,2987,85,West Ham,MID,0,0,0,0,0,0,0,0,0,0,0,0,0,0,0,0,0,0,1,0,0,0,0,1
493,Nikola,Vlasic,Vlasic,30,1.6,549,50,West Ham,MID,0,0,0,0,0,0,0,0,0,0,0,0,0,0,0,0,0,0,1,0,0,0,0,1
494,Declan,Rice,Rice,95,2.6,3178,50,West Ham,MID,0,0,0,0,0,0,0,0,0,0,0,0,0,0,0,0,0,0,1,0,0,0,0,1
495,Tomas,Soucek,Soucek,114,3.3,3061,55,West Ham,MID,0,0,0,0,0,0,0,0,0,0,0,0,0,0,0,0,0,0,1,0,0,0,0,1
496,Pablo,Fornals Malla,Fornals,117,3.2,2795,55,West Ham,MID,0,0,0,0,0,0,0,0,0,0,0,0,0,0,0,0,0,0,1,0,0,0,0,1
497,Issa,Diop,Diop,30,2.3,961,45,West Ham,DEF,0,0,0,0,0,0,0,0,0,0,0,0,0,0,0,0,0,0,1,0,1,0,0,0
498,Ben,Johnson,Johnson,48,2.4,1397,45,West Ham,DEF,0,0,0,0,0,0,0,0,0,0,0,0,0,0,0,0,0,0,1,0,1,0,0,0
499,Nayef,Aguerd,Aguerd,0,0.0,0,50,West Ham,DEF,0,0,0,0,0,0,0,0,0,0,0,0,0,0,0,0,0,0,1,0,1,0,0,0
500,Alphonse,Areola,Areola,2,2.0,90,45,West Ham,GKP,0,0,0,0,0,0,0,0,0,0,0,0,0,0,0,0,0,0,1,0,0,0,1,0
501,Flynn,Downes,Downes,0,0.0,0,45,West Ham,MID,0,0,0,0,0,0,0,0,0,0,0,0,0,0,0,0,0,0,1,0,0,0,0,1
502,Willy,Boly,Boly,17,1.7,900,45,Wolves,DEF,0,0,0,0,0,0,0,0,0,0,0,0,0,0,0,0,0,0,0,1,1,0,0,0
503,Conor,Coady,Coady,138,3.6,3361,50,Wolves,DEF,0,0,0,0,0,0,0,0,0,0,0,0,0,0,0,0,0,0,0,1,1,0,0,0
504,Raúl,Jiménez,Jiménez,101,3.0,2630,70,Wolves,FWD,0,0,0,0,0,0,0,0,0,0,0,0,0,0,0,0,0,0,0,1,0,1,0,0
505,Jonathan,Castro Otto,Jonny,38,2.9,1022,45,Wolves,DEF,0,0,0,0,0,0,0,0,0,0,0,0,0,0,0,0,0,0,0,1,1,0,0,0
506,José,Malheiro de Sá,Sá,146,3.9,3285,50,Wolves,GKP,0,0,0,0,0,0,0,0,0,0,0,0,0,0,0,0,0,0,0,1,0,0,1,0
507,Leander,Dendoncker,Dendoncker,76,2.5,1945,50,Wolves,MID,0,0,0,0,0,0,0,0,0,0,0,0,0,0,0,0,0,0,0,1,0,0,0,1
508,Rúben,da Silva Neves,Neves,95,2.9,2659,55,Wolves,MID,0,0,0,0,0,0,0,0,0,0,0,0,0,0,0,0,0,0,0,1,0,0,0,1
509,Hwang,Hee-chan,Hwang,81,2.7,1811,60,Wolves,MID,0,0,0,0,0,0,0,0,0,0,0,0,0,0,0,0,0,0,0,1,0,0,0,1
510,Nélson,Cabral Semedo,Semedo,94,3.8,2131,50,Wolves,DEF,0,0,0,0,0,0,0,0,0,0,0,0,0,0,0,0,0,0,0,1,1,0,0,0
511,Daniel,Castelo Podence,Podence,70,2.7,1475,55,Wolves,MID,0,0,0,0,0,0,0,0,0,0,0,0,0,0,0,0,0,0,0,1,0,0,0,1
512,Max,Kilman,Kilman,106,3.5,2688,45,Wolves,DEF,0,0,0,0,0,0,0,0,0,0,0,0,0,0,0,0,0,0,0,1,1,0,0,0
513,Luke,Cundle,Cundle,7,1.8,179,45,Wolves,MID,0,0,0,0,0,0,0,0,0,0,0,0,0,0,0,0,0,0,0,1,0,0,0,1
514,Pedro,Lomba Neto,Neto,22,1.7,459,55,Wolves,MID,0,0,0,0,0,0,0,0,0,0,0,0,0,0,0,0,0,0,0,1,0,0,0,1
515,Rayan,Aït-Nouri,Aït-Nouri,87,3.8,1826,45,Wolves,DEF,0,0,0,0,0,0,0,0,0,0,0,0,0,0,0,0,0,0,0,1,1,0,0,0
516,Fabio,Silva,Fabio Silva,30,1.4,562,55,Wolves,FWD,0,0,0,0,0,0,0,0,0,0,0,0,0,0,0,0,0,0,0,1,0,1,0,0
517,Toti António,Gomes,Toti,6,1.5,360,40,Wolves,DEF,0,0,0,0,0,0,0,0,0,0,0,0,0,0,0,0,0,0,0,1,1,0,0,0
518,Francisco Jorge,Tomás Oliveira,Chiquinho,20,2.5,203,50,Wolves,MID,0,0,0,0,0,0,0,0,0,0,0,0,0,0,0,0,0,0,0,1,0,0,0,1
519,Adama,Traoré Diarra,Adama,44,2.2,1069,55,Wolves,MID,0,0,0,0,0,0,0,0,0,0,0,0,0,0,0,0,0,0,0,1,0,0,0,1
520,Matija,Šarkić,Šarkić,0,0.0,0,40,Wolves,GKP,0,0,0,0,0,0,0,0,0,0,0,0,0,0,0,0,0,0,0,1,0,0,1,0
521,Morgan,Gibbs-White,Gibbs-White,1,0.5,7,55,Wolves,MID,0,0,0,0,0,0,0,0,0,0,0,0,0,0,0,0,0,0,0,1,0,0,0,1
522,Yerson,Mosquera Valdelamar,Mosquera,0,0.0,0,40,Wolves,DEF,0,0,0,0,0,0,0,0,0,0,0,0,0,0,0,0,0,0,0,1,1,0,0,0
523,João Filipe Iria,Santos Moutinho,Moutinho,96,2.7,2970,50,Wolves,MID,0,0,0,0,0,0,0,0,0,0,0,0,0,0,0,0,0,0,0,1,0,0,0,1
524,Nathan,Collins,Collins,55,2.9,1670,45,Wolves,DEF,0,0,0,0,0,0,0,0,0,0,0,0,0,0,0,0,0,0,0,1,1,0,0,0
